<?xml version="1.0" encoding="UTF-8"?><soapenv:Envelope xmlns:soapenv="http://schemas.xmlsoap.org/soap/envelope/"><soapenv:Body><sch:InquiryResponse xmlns:sch="http://services.equifax.com/eport/ws/schemas/1.0">
<sch:InquiryResponseHeader>
<sch:CustomerCode>BLSP</sch:CustomerCode>
<sch:ClientID>006FP07153</sch:ClientID>
<sch:CustRefField/>
<sch:ReportOrderNO>71629983</sch:ReportOrderNO>
<sch:SuccessCode>1</sch:SuccessCode>
<sch:Date>21-06-2020</sch:Date>
<sch:Time>13:36:25</sch:Time>
<sch:HitCode>10</sch:HitCode>
<sch:ProductCodes>
<sch:ProductCode>IDCR</sch:ProductCode>
</sch:ProductCodes>
</sch:InquiryResponseHeader>
<sch:InquiryRequestInfo>
<sch:InquiryPurpose>00</sch:InquiryPurpose>
<sch:FullName>VIJAY V</sch:FullName>
<sch:FirstName>VIJAY</sch:FirstName>
<sch:LastName>V</sch:LastName>
<sch:AddrLine1>Arjun Nagar</sch:AddrLine1>
<sch:State>HR</sch:State>
<sch:Postal>122001</sch:Postal>
<sch:InquiryAddresses>
<sch:InquiryAddress seq="1">
<sch:AddressLine>Arjun Nagar</sch:AddressLine>
<sch:State>HR</sch:State>
<sch:Postal>122001</sch:Postal>
</sch:InquiryAddress>
</sch:InquiryAddresses>
<sch:InquiryPhones>
<sch:InquiryPhone seq="1">
<sch:Number>7206171723</sch:Number>
<sch:PhoneType>M</sch:PhoneType>
</sch:InquiryPhone>
</sch:InquiryPhones>
<sch:DOB>1987-03-13</sch:DOB>
<sch:PANId>BTPPV1344H</sch:PANId>
<sch:MobilePhone>7206171723</sch:MobilePhone>
</sch:InquiryRequestInfo>
<sch:Scores>
<sch:Score seq="1">
<sch:Type>ERS</sch:Type>
<sch:Version>3.1</sch:Version>
</sch:Score>
</sch:Scores>
<sch:ReportData>
<sch:IDAndContactInfo>
<sch:PersonalInfo>
<sch:Name>
<sch:FullName>VIJAY RAMAAVTAR </sch:FullName>
</sch:Name>
<sch:DateOfBirth>1987-03-13</sch:DateOfBirth>
<sch:Gender>Male</sch:Gender>
<sch:Age>
<sch:Age>33</sch:Age>
</sch:Age>
<sch:Occupation/>
</sch:PersonalInfo>
<sch:IdentityInfo>
<sch:PANId seq="1" ReportedDate="2020-05-12">
<sch:IdNumber>BTPPV1344H</sch:IdNumber>
</sch:PANId>
</sch:IdentityInfo>
<sch:AddressInfo seq="1" ReportedDate="2020-05-12">
<sch:Address>C/O SUBHASH BALJEET NAGAR,GARHI HARSARU P N B BANK GURGAON</sch:Address>
<sch:State>HR</sch:State>
<sch:Postal>122001</sch:Postal>
<sch:Type>N/A</sch:Type>
</sch:AddressInfo>
<sch:AddressInfo seq="2" ReportedDate="2020-05-12">
<sch:Address>C/O INSTAKART SERVICES PVT LTD,HERO HOND A CHOWK RED LIGH GURGAON</sch:Address>
<sch:State>HR</sch:State>
<sch:Postal>122001</sch:Postal>
<sch:Type>N/A</sch:Type>
</sch:AddressInfo>
<sch:AddressInfo seq="3" ReportedDate="2020-05-12">
<sch:Address>HNO 723/11 ASHRI GATE BAJRAM MOHALLA JIN D RANI TALAB JIND</sch:Address>
<sch:State>HR</sch:State>
<sch:Postal>126102</sch:Postal>
<sch:Type>N/A</sch:Type>
</sch:AddressInfo>
<sch:PhoneInfo typeCode="H" seq="1" ReportedDate="2020-05-12">
<sch:Number>8882242207</sch:Number>
</sch:PhoneInfo>
<sch:PhoneInfo typeCode="M" seq="2" ReportedDate="2020-05-12">
<sch:Number>7206171723</sch:Number>
</sch:PhoneInfo>
<sch:PhoneInfo typeCode="M" seq="3" ReportedDate="2020-05-12">
<sch:Number>9896664976</sch:Number>
</sch:PhoneInfo>
<sch:EmailAddressInfo seq="1" ReportedDate="2020-04-06">
<sch:EmailAddress>VIJAYSHARMA13387@GMAIL.COM</sch:EmailAddress>
</sch:EmailAddressInfo>
</sch:IDAndContactInfo>
<sch:AccountSummary>
<sch:AccountsSummary>
<sch:NoOfAccounts>1</sch:NoOfAccounts>
<sch:NoOfActiveAccounts>1</sch:NoOfActiveAccounts>
<sch:NoOfWriteOffs>0</sch:NoOfWriteOffs>
<sch:TotalPastDue>2997.00</sch:TotalPastDue>
<sch:MostSevereStatusWithIn24Months>01+</sch:MostSevereStatusWithIn24Months>
<sch:SingleHighestCredit>0.00</sch:SingleHighestCredit>
<sch:SingleHighestSanctionAmount>33000.00</sch:SingleHighestSanctionAmount>
<sch:TotalHighCredit>0.00</sch:TotalHighCredit>
<sch:AverageOpenBalance>32967.00</sch:AverageOpenBalance>
<sch:SingleHighestBalance>32967.00</sch:SingleHighestBalance>
<sch:NoOfPastDueAccounts>1</sch:NoOfPastDueAccounts>
<sch:NoOfZeroBalanceAccounts>0</sch:NoOfZeroBalanceAccounts>
<sch:RecentAccount>Two-wheeler Loan on 05-03-2020</sch:RecentAccount>
<sch:OldestAccount>Two-wheeler Loan on 05-03-2020</sch:OldestAccount>
<sch:TotalBalanceAmount>32967.00</sch:TotalBalanceAmount>
<sch:TotalSanctionAmount>33000.00</sch:TotalSanctionAmount>
<sch:TotalCreditLimit>0.0</sch:TotalCreditLimit>
<sch:TotalMonthlyPaymentAmount>0.00</sch:TotalMonthlyPaymentAmount>
</sch:AccountsSummary>
</sch:AccountSummary>
<sch:RecentActivities>
<sch:AccountsDeliquent>1</sch:AccountsDeliquent>
<sch:AccountsOpened>0</sch:AccountsOpened>
<sch:TotalInquiries>0</sch:TotalInquiries>
<sch:AccountsUpdated>1</sch:AccountsUpdated>
</sch:RecentActivities>
<sch:OtherKeyInd>
<sch:AgeOfOldestTrade>3</sch:AgeOfOldestTrade>
<sch:NumberOfOpenTrades>1</sch:NumberOfOpenTrades>
<sch:AllLinesEVERWritten>0.00</sch:AllLinesEVERWritten>
<sch:AllLinesEVERWrittenIn9Months>0</sch:AllLinesEVERWrittenIn9Months>
<sch:AllLinesEVERWrittenIn6Months>0</sch:AllLinesEVERWrittenIn6Months>
</sch:OtherKeyInd>
<sch:EnquirySummary>
<sch:Purpose>ALL</sch:Purpose>
<sch:Total>0</sch:Total>
<sch:Past30Days>0</sch:Past30Days>
<sch:Past12Months>0</sch:Past12Months>
<sch:Past24Months>0</sch:Past24Months>
<sch:Recent/>
</sch:EnquirySummary>
<sch:AccountDetails>
<sch:Account seq="1" ReportedDate="2020-05-12">
<sch:AccountNumber> L2WGUR08297819</sch:AccountNumber>
<sch:Institution>Bajaj Finance Limited</sch:Institution>
<sch:AccountType>Two-wheeler Loan</sch:AccountType>
<sch:OwnershipType>Individual</sch:OwnershipType>
<sch:Balance>32967</sch:Balance>
<sch:PastDueAmount>2997</sch:PastDueAmount>
<sch:Open>Yes</sch:Open>
<sch:SanctionAmount>33000</sch:SanctionAmount>
<sch:LastPaymentDate>2020-04-10</sch:LastPaymentDate>
<sch:DateReported>2020-05-12</sch:DateReported>
<sch:DateOpened>2020-03-05</sch:DateOpened>
<sch:Reason/>
<sch:InterestRate/>
<sch:RepaymentTenure/>
<sch:DisputeCode/>
<sch:TermFrequency/>
<sch:CollateralValue/>
<sch:CollateralType/>
<sch:AccountStatus>1-29 days past due</sch:AccountStatus>
<sch:AssetClassification/>
<sch:SuitFiledStatus/>
<sch:History48Months>
<sch:Month key="05-20">
<sch:PaymentStatus>01+</sch:PaymentStatus>
<sch:SuitFiledStatus>*</sch:SuitFiledStatus>
<sch:AssetClassificationStatus>*</sch:AssetClassificationStatus>
</sch:Month>
<sch:Month key="04-20">
<sch:PaymentStatus>000</sch:PaymentStatus>
<sch:SuitFiledStatus>*</sch:SuitFiledStatus>
<sch:AssetClassificationStatus>*</sch:AssetClassificationStatus>
</sch:Month>
</sch:History48Months>
</sch:Account>
</sch:AccountDetails>
<sch:Disclaimer>
			This report is to be used subject to and in compliance with the
			Membership agreement entered into between the Member/Specified User
			and Equifax Credit Information Services Private Limited ("ECIS"), in
			the case of Members/Specified Users of ECIS. In other cases, the use
			of this report is governed by the terms and conditions of ECIS,
			contained in the Application form submitted by the customer/user.

			The information contained in this report is derived from various
			Members/sources which are not controlled by ECIS. ECIS provides this
			report on a best effort basis and does not guarantee the timeliness,
			correctness or completeness of the information contained
			therein,except as explicitly stated in the Membership agreement/terms
			and conditions of ECIS, as the case may be.
		</sch:Disclaimer>
<sch:ScoreDetails>
<sch:ScoreDetail>
<sch:Name>M001</sch:Name>
<sch:Version>3.1</sch:Version>
<sch:Type>ERS</sch:Type>
<sch:Value>2</sch:Value>
<sch:ScoringElements>
<sch:ScoringElement type="RES" seq="1">
<sch:Code/>
<sch:Description>Less than or equal to 6 months on bureau</sch:Description>
</sch:ScoringElement>
<sch:ScoringElement type="RES" seq="2">
<sch:Code>6b</sch:Code>
<sch:Description>Delinquency or past due amount occurences</sch:Description>
</sch:ScoringElement>
<sch:ScoringElement type="RES" seq="3">
<sch:Code>4b</sch:Code>
<sch:Description>Sanctioned amount of all trades</sch:Description>
</sch:ScoringElement>
<sch:ScoringElement type="RES" seq="4">
<sch:Code>3a</sch:Code>
<sch:Description>Insufficient information on or lack of gold loan trades</sch:Description>
</sch:ScoringElement>
<sch:ScoringElement type="RES" seq="5">
<sch:Code>5a</sch:Code>
<sch:Description>Balance amount of all trades</sch:Description>
</sch:ScoringElement>
</sch:ScoringElements>
</sch:ScoreDetail>
</sch:ScoreDetails>
</sch:ReportData>
</sch:InquiryResponse></soapenv:Body></soapenv:Envelope>