<?xml version="1.0" encoding="UTF-8"?><soapenv:Envelope xmlns:soapenv="http://schemas.xmlsoap.org/soap/envelope/"><soapenv:Body><sch:InquiryResponse xmlns:sch="http://services.equifax.com/eport/ws/schemas/1.0">
<sch:InquiryResponseHeader>
<sch:CustomerCode>BLSP</sch:CustomerCode>
<sch:ClientID>006FP07153</sch:ClientID>
<sch:CustRefField/>
<sch:ReportOrderNO>71627675</sch:ReportOrderNO>
<sch:SuccessCode>1</sch:SuccessCode>
<sch:Date>21-06-2020</sch:Date>
<sch:Time>12:34:19</sch:Time>
<sch:HitCode>11</sch:HitCode>
<sch:ProductCodes>
<sch:ProductCode>IDCR</sch:ProductCode>
</sch:ProductCodes>
</sch:InquiryResponseHeader>
<sch:InquiryRequestInfo>
<sch:InquiryPurpose>00</sch:InquiryPurpose>
<sch:FullName>AMAR DEEP</sch:FullName>
<sch:FirstName>AMAR</sch:FirstName>
<sch:LastName>DEEP</sch:LastName>
<sch:AddrLine1>delhi</sch:AddrLine1>
<sch:State>DL</sch:State>
<sch:Postal>110037</sch:Postal>
<sch:InquiryAddresses>
<sch:InquiryAddress seq="1">
<sch:AddressLine>delhi</sch:AddressLine>
<sch:State>DL</sch:State>
<sch:Postal>110037</sch:Postal>
</sch:InquiryAddress>
</sch:InquiryAddresses>
<sch:InquiryPhones>
<sch:InquiryPhone seq="1">
<sch:Number>8826805638</sch:Number>
<sch:PhoneType>M</sch:PhoneType>
</sch:InquiryPhone>
</sch:InquiryPhones>
<sch:DOB>1997-11-26</sch:DOB>
<sch:PANId>csspd6059e</sch:PANId>
<sch:MobilePhone>8826805638</sch:MobilePhone>
</sch:InquiryRequestInfo>
<sch:Scores>
<sch:Score seq="1">
<sch:Type>ERS</sch:Type>
<sch:Version>3.1</sch:Version>
</sch:Score>
</sch:Scores>
<sch:ReportData>
<sch:IDAndContactInfo>
<sch:PersonalInfo>
<sch:Name>
<sch:FullName>AMAR DEEP </sch:FullName>
</sch:Name>
<sch:DateOfBirth>1997-01-26</sch:DateOfBirth>
<sch:Gender>Male</sch:Gender>
<sch:Age>
<sch:Age>23</sch:Age>
</sch:Age>
<sch:TotalIncome>14500</sch:TotalIncome>
<sch:Occupation/>
</sch:PersonalInfo>
<sch:IdentityInfo>
<sch:PANId seq="1" ReportedDate="2019-05-22">
<sch:IdNumber>CSSPD6059E</sch:IdNumber>
</sch:PANId>
<sch:NationalIDCard seq="1" ReportedDate="2019-05-22">
<sch:IdNumber>639546084993</sch:IdNumber>
</sch:NationalIDCard>
</sch:IdentityInfo>
<sch:AddressInfo seq="1" ReportedDate="2019-05-22">
<sch:Address>S/O DHRUV PRASHAD HOUSE,NO 143 KAPASHERA SOUTH WEST DELHI RAO CHATUR BHUJ MARG GALI,NO 3,NEAR BY POLICE STATION SAMALKHA VILLAGE,NEW DELHI</sch:Address>
<sch:State>DL</sch:State>
<sch:Postal>110037</sch:Postal>
<sch:Type>Primary</sch:Type>
</sch:AddressInfo>
<sch:AddressInfo seq="2" ReportedDate="2019-05-22">
<sch:Address>ANI TECHNOLOGY PVT LTD,UDYOG VIHAR PHASE-1,PLOT NO 86 DUNDAHERA SOUTH WEST DELHI,NEAR TEER BABA MANDIR GURGAON</sch:Address>
<sch:State>HR</sch:State>
<sch:Postal>122001</sch:Postal>
<sch:Type>Office</sch:Type>
</sch:AddressInfo>
<sch:AddressInfo seq="3" ReportedDate="2018-07-31">
<sch:Address>HOUSE NO-143 GALI NO-3 RAO CHATUR BHUJ M ARGKAPASHERA SOUTH WESTNR VEER PUBLIC SC HOOL</sch:Address>
<sch:State>DL</sch:State>
<sch:Postal>110037</sch:Postal>
<sch:Type>N/A</sch:Type>
</sch:AddressInfo>
<sch:AddressInfo seq="4" ReportedDate="2017-12-31">
<sch:Address>HOUSE NO-143 GALI NO-3 RAO CHATUR BHUJ MARG KAPASHERA DELHI NEW DELHI</sch:Address>
<sch:State>DL</sch:State>
<sch:Postal>110037</sch:Postal>
<sch:Type>Owns,Primary</sch:Type>
</sch:AddressInfo>
<sch:AddressInfo seq="5" ReportedDate="2017-05-31">
<sch:Address>INFOTECH CENTER 2,PLOT NO 55 DUNDAHERA SOUTH WEST DELHI,NEAR BY HANUMAN MANDIR GURGAON</sch:Address>
<sch:State>HR</sch:State>
<sch:Postal>122001</sch:Postal>
<sch:Type>Office</sch:Type>
</sch:AddressInfo>
<sch:PhoneInfo typeCode="H" seq="1" ReportedDate="2018-07-31">
<sch:Number>8826805638</sch:Number>
</sch:PhoneInfo>
<sch:PhoneInfo typeCode="M" seq="2" ReportedDate="2019-05-22">
<sch:Number>8826805638</sch:Number>
</sch:PhoneInfo>
<sch:EmailAddressInfo seq="1" ReportedDate="2017-12-31">
<sch:EmailAddress>AMARDEEP2611@GMAIL.COM</sch:EmailAddress>
</sch:EmailAddressInfo>
</sch:IDAndContactInfo>
<sch:AccountSummary>
<sch:AccountsSummary>
<sch:NoOfAccounts>3</sch:NoOfAccounts>
<sch:NoOfActiveAccounts>1</sch:NoOfActiveAccounts>
<sch:NoOfWriteOffs>2</sch:NoOfWriteOffs>
<sch:TotalPastDue>93563.00</sch:TotalPastDue>
<sch:MostSevereStatusWithIn24Months>WOF</sch:MostSevereStatusWithIn24Months>
<sch:SingleHighestCredit>76959.00</sch:SingleHighestCredit>
<sch:SingleHighestSanctionAmount>0.00</sch:SingleHighestSanctionAmount>
<sch:TotalHighCredit>76959.00</sch:TotalHighCredit>
<sch:AverageOpenBalance>76959.00</sch:AverageOpenBalance>
<sch:SingleHighestBalance>76959.00</sch:SingleHighestBalance>
<sch:NoOfPastDueAccounts>2</sch:NoOfPastDueAccounts>
<sch:NoOfZeroBalanceAccounts>0</sch:NoOfZeroBalanceAccounts>
<sch:RecentAccount>Credit Card on 30-06-2018</sch:RecentAccount>
<sch:OldestAccount>Consumer Loan on 29-04-2017</sch:OldestAccount>
<sch:TotalBalanceAmount>76959.00</sch:TotalBalanceAmount>
<sch:TotalSanctionAmount>0.00</sch:TotalSanctionAmount>
<sch:TotalCreditLimit>0.0</sch:TotalCreditLimit>
<sch:TotalMonthlyPaymentAmount>0.00</sch:TotalMonthlyPaymentAmount>
</sch:AccountsSummary>
</sch:AccountSummary>
<sch:RecentActivities>
<sch:AccountsDeliquent>1</sch:AccountsDeliquent>
<sch:AccountsOpened>0</sch:AccountsOpened>
<sch:TotalInquiries>0</sch:TotalInquiries>
<sch:AccountsUpdated>1</sch:AccountsUpdated>
</sch:RecentActivities>
<sch:OtherKeyInd>
<sch:AgeOfOldestTrade>38</sch:AgeOfOldestTrade>
<sch:NumberOfOpenTrades>1</sch:NumberOfOpenTrades>
<sch:AllLinesEVERWritten>66.67</sch:AllLinesEVERWritten>
<sch:AllLinesEVERWrittenIn9Months>0</sch:AllLinesEVERWrittenIn9Months>
<sch:AllLinesEVERWrittenIn6Months>2</sch:AllLinesEVERWrittenIn6Months>
</sch:OtherKeyInd>
<sch:EnquirySummary>
<sch:Purpose>ALL</sch:Purpose>
<sch:Total>3</sch:Total>
<sch:Past30Days>0</sch:Past30Days>
<sch:Past12Months>0</sch:Past12Months>
<sch:Past24Months>1</sch:Past24Months>
<sch:Recent>31-08-2018</sch:Recent>
</sch:EnquirySummary>
<sch:Enquiries seq="1">
<sch:Institution>Home Credit India Finance Private Limited</sch:Institution>
<sch:Date>2018-08-31</sch:Date>
<sch:Time>00:01</sch:Time>
<sch:RequestPurpose>00</sch:RequestPurpose>
</sch:Enquiries>
<sch:Enquiries seq="2">
<sch:Institution>Home Credit India Finance Private Limited</sch:Institution>
<sch:Date>2018-05-09</sch:Date>
<sch:Time>15:03</sch:Time>
<sch:RequestPurpose>00</sch:RequestPurpose>
</sch:Enquiries>
<sch:Enquiries seq="3">
<sch:Institution>Home Credit India Finance Private Limited</sch:Institution>
<sch:Date>2017-05-02</sch:Date>
<sch:Time>13:31</sch:Time>
<sch:RequestPurpose>06</sch:RequestPurpose>
</sch:Enquiries>
<sch:AccountDetails>
<sch:Account seq="1" ReportedDate="2019-05-22">
<sch:AccountNumber> 3707052923</sch:AccountNumber>
<sch:Institution>Home Credit India Finance Private Limited</sch:Institution>
<sch:AccountType>Consumer Loan</sch:AccountType>
<sch:OwnershipType>Individual</sch:OwnershipType>
<sch:Balance>0</sch:Balance>
<sch:PastDueAmount>0</sch:PastDueAmount>
<sch:Open>No</sch:Open>
<sch:SanctionAmount>13586</sch:SanctionAmount>
<sch:LastPaymentDate>2017-11-06</sch:LastPaymentDate>
<sch:DateReported>2019-05-22</sch:DateReported>
<sch:DateOpened>2017-04-29</sch:DateOpened>
<sch:DateClosed>2017-11-10</sch:DateClosed>
<sch:Reason>Closed Account</sch:Reason>
<sch:InterestRate/>
<sch:RepaymentTenure/>
<sch:DisputeCode/>
<sch:TermFrequency>Monthly</sch:TermFrequency>
<sch:CollateralValue/>
<sch:CollateralType/>
<sch:AccountStatus>Closed Account</sch:AccountStatus>
<sch:AssetClassification/>
<sch:SuitFiledStatus/>
<sch:History48Months>
<sch:Month key="05-19">
<sch:PaymentStatus>CLSD</sch:PaymentStatus>
<sch:SuitFiledStatus>*</sch:SuitFiledStatus>
<sch:AssetClassificationStatus>*</sch:AssetClassificationStatus>
</sch:Month>
<sch:Month key="04-19">
<sch:PaymentStatus>*</sch:PaymentStatus>
<sch:SuitFiledStatus>*</sch:SuitFiledStatus>
<sch:AssetClassificationStatus>*</sch:AssetClassificationStatus>
</sch:Month>
<sch:Month key="03-19">
<sch:PaymentStatus>*</sch:PaymentStatus>
<sch:SuitFiledStatus>*</sch:SuitFiledStatus>
<sch:AssetClassificationStatus>*</sch:AssetClassificationStatus>
</sch:Month>
<sch:Month key="02-19">
<sch:PaymentStatus>*</sch:PaymentStatus>
<sch:SuitFiledStatus>*</sch:SuitFiledStatus>
<sch:AssetClassificationStatus>*</sch:AssetClassificationStatus>
</sch:Month>
<sch:Month key="01-19">
<sch:PaymentStatus>*</sch:PaymentStatus>
<sch:SuitFiledStatus>*</sch:SuitFiledStatus>
<sch:AssetClassificationStatus>*</sch:AssetClassificationStatus>
</sch:Month>
<sch:Month key="12-18">
<sch:PaymentStatus>*</sch:PaymentStatus>
<sch:SuitFiledStatus>*</sch:SuitFiledStatus>
<sch:AssetClassificationStatus>*</sch:AssetClassificationStatus>
</sch:Month>
<sch:Month key="11-18">
<sch:PaymentStatus>*</sch:PaymentStatus>
<sch:SuitFiledStatus>*</sch:SuitFiledStatus>
<sch:AssetClassificationStatus>*</sch:AssetClassificationStatus>
</sch:Month>
<sch:Month key="10-18">
<sch:PaymentStatus>*</sch:PaymentStatus>
<sch:SuitFiledStatus>*</sch:SuitFiledStatus>
<sch:AssetClassificationStatus>*</sch:AssetClassificationStatus>
</sch:Month>
<sch:Month key="09-18">
<sch:PaymentStatus>*</sch:PaymentStatus>
<sch:SuitFiledStatus>*</sch:SuitFiledStatus>
<sch:AssetClassificationStatus>*</sch:AssetClassificationStatus>
</sch:Month>
<sch:Month key="08-18">
<sch:PaymentStatus>*</sch:PaymentStatus>
<sch:SuitFiledStatus>*</sch:SuitFiledStatus>
<sch:AssetClassificationStatus>*</sch:AssetClassificationStatus>
</sch:Month>
<sch:Month key="07-18">
<sch:PaymentStatus>*</sch:PaymentStatus>
<sch:SuitFiledStatus>*</sch:SuitFiledStatus>
<sch:AssetClassificationStatus>*</sch:AssetClassificationStatus>
</sch:Month>
<sch:Month key="06-18">
<sch:PaymentStatus>*</sch:PaymentStatus>
<sch:SuitFiledStatus>*</sch:SuitFiledStatus>
<sch:AssetClassificationStatus>*</sch:AssetClassificationStatus>
</sch:Month>
<sch:Month key="05-18">
<sch:PaymentStatus>*</sch:PaymentStatus>
<sch:SuitFiledStatus>*</sch:SuitFiledStatus>
<sch:AssetClassificationStatus>*</sch:AssetClassificationStatus>
</sch:Month>
<sch:Month key="04-18">
<sch:PaymentStatus>*</sch:PaymentStatus>
<sch:SuitFiledStatus>*</sch:SuitFiledStatus>
<sch:AssetClassificationStatus>*</sch:AssetClassificationStatus>
</sch:Month>
<sch:Month key="03-18">
<sch:PaymentStatus>*</sch:PaymentStatus>
<sch:SuitFiledStatus>*</sch:SuitFiledStatus>
<sch:AssetClassificationStatus>*</sch:AssetClassificationStatus>
</sch:Month>
<sch:Month key="02-18">
<sch:PaymentStatus>*</sch:PaymentStatus>
<sch:SuitFiledStatus>*</sch:SuitFiledStatus>
<sch:AssetClassificationStatus>*</sch:AssetClassificationStatus>
</sch:Month>
<sch:Month key="01-18">
<sch:PaymentStatus>*</sch:PaymentStatus>
<sch:SuitFiledStatus>*</sch:SuitFiledStatus>
<sch:AssetClassificationStatus>*</sch:AssetClassificationStatus>
</sch:Month>
<sch:Month key="12-17">
<sch:PaymentStatus>*</sch:PaymentStatus>
<sch:SuitFiledStatus>*</sch:SuitFiledStatus>
<sch:AssetClassificationStatus>*</sch:AssetClassificationStatus>
</sch:Month>
<sch:Month key="11-17">
<sch:PaymentStatus>CLSD</sch:PaymentStatus>
<sch:SuitFiledStatus>*</sch:SuitFiledStatus>
<sch:AssetClassificationStatus>*</sch:AssetClassificationStatus>
</sch:Month>
<sch:Month key="10-17">
<sch:PaymentStatus>000</sch:PaymentStatus>
<sch:SuitFiledStatus>*</sch:SuitFiledStatus>
<sch:AssetClassificationStatus>*</sch:AssetClassificationStatus>
</sch:Month>
<sch:Month key="09-17">
<sch:PaymentStatus>000</sch:PaymentStatus>
<sch:SuitFiledStatus>*</sch:SuitFiledStatus>
<sch:AssetClassificationStatus>*</sch:AssetClassificationStatus>
</sch:Month>
<sch:Month key="08-17">
<sch:PaymentStatus>000</sch:PaymentStatus>
<sch:SuitFiledStatus>*</sch:SuitFiledStatus>
<sch:AssetClassificationStatus>*</sch:AssetClassificationStatus>
</sch:Month>
<sch:Month key="07-17">
<sch:PaymentStatus>000</sch:PaymentStatus>
<sch:SuitFiledStatus>*</sch:SuitFiledStatus>
<sch:AssetClassificationStatus>*</sch:AssetClassificationStatus>
</sch:Month>
<sch:Month key="06-17">
<sch:PaymentStatus>000</sch:PaymentStatus>
<sch:SuitFiledStatus>*</sch:SuitFiledStatus>
<sch:AssetClassificationStatus>*</sch:AssetClassificationStatus>
</sch:Month>
<sch:Month key="05-17">
<sch:PaymentStatus>000</sch:PaymentStatus>
<sch:SuitFiledStatus>*</sch:SuitFiledStatus>
<sch:AssetClassificationStatus>*</sch:AssetClassificationStatus>
</sch:Month>
</sch:History48Months>
</sch:Account>
<sch:Account seq="2" ReportedDate="2020-05-31">
<sch:AccountNumber> 4412854526386002</sch:AccountNumber>
<sch:Institution>Indusind Bank Limited</sch:Institution>
<sch:AccountType>Credit Card</sch:AccountType>
<sch:OwnershipType>Individual</sch:OwnershipType>
<sch:Balance>73709</sch:Balance>
<sch:PastDueAmount>63071</sch:PastDueAmount>
<sch:Open>No</sch:Open>
<sch:HighCredit>73709</sch:HighCredit>
<sch:LastPaymentDate>2018-10-08</sch:LastPaymentDate>
<sch:DateReported>2020-05-31</sch:DateReported>
<sch:DateOpened>2018-06-30</sch:DateOpened>
<sch:DateClosed>2019-06-29</sch:DateClosed>
<sch:Reason/>
<sch:InterestRate/>
<sch:RepaymentTenure/>
<sch:DisputeCode/>
<sch:TermFrequency/>
<sch:CollateralValue/>
<sch:CollateralType/>
<sch:AccountStatus>Charge Off/Written Off</sch:AccountStatus>
<sch:AssetClassification/>
<sch:SuitFiledStatus/>
<sch:History48Months>
<sch:Month key="05-20">
<sch:PaymentStatus>WOF</sch:PaymentStatus>
<sch:SuitFiledStatus>*</sch:SuitFiledStatus>
<sch:AssetClassificationStatus>*</sch:AssetClassificationStatus>
</sch:Month>
<sch:Month key="04-20">
<sch:PaymentStatus>WOF</sch:PaymentStatus>
<sch:SuitFiledStatus>*</sch:SuitFiledStatus>
<sch:AssetClassificationStatus>*</sch:AssetClassificationStatus>
</sch:Month>
<sch:Month key="03-20">
<sch:PaymentStatus>WOF</sch:PaymentStatus>
<sch:SuitFiledStatus>*</sch:SuitFiledStatus>
<sch:AssetClassificationStatus>*</sch:AssetClassificationStatus>
</sch:Month>
<sch:Month key="02-20">
<sch:PaymentStatus>WOF</sch:PaymentStatus>
<sch:SuitFiledStatus>*</sch:SuitFiledStatus>
<sch:AssetClassificationStatus>*</sch:AssetClassificationStatus>
</sch:Month>
<sch:Month key="01-20">
<sch:PaymentStatus>WOF</sch:PaymentStatus>
<sch:SuitFiledStatus>*</sch:SuitFiledStatus>
<sch:AssetClassificationStatus>*</sch:AssetClassificationStatus>
</sch:Month>
<sch:Month key="12-19">
<sch:PaymentStatus>WOF</sch:PaymentStatus>
<sch:SuitFiledStatus>*</sch:SuitFiledStatus>
<sch:AssetClassificationStatus>*</sch:AssetClassificationStatus>
</sch:Month>
<sch:Month key="11-19">
<sch:PaymentStatus>WOF</sch:PaymentStatus>
<sch:SuitFiledStatus>*</sch:SuitFiledStatus>
<sch:AssetClassificationStatus>*</sch:AssetClassificationStatus>
</sch:Month>
<sch:Month key="10-19">
<sch:PaymentStatus>WOF</sch:PaymentStatus>
<sch:SuitFiledStatus>*</sch:SuitFiledStatus>
<sch:AssetClassificationStatus>*</sch:AssetClassificationStatus>
</sch:Month>
<sch:Month key="09-19">
<sch:PaymentStatus>WOF</sch:PaymentStatus>
<sch:SuitFiledStatus>*</sch:SuitFiledStatus>
<sch:AssetClassificationStatus>*</sch:AssetClassificationStatus>
</sch:Month>
<sch:Month key="08-19">
<sch:PaymentStatus>WOF</sch:PaymentStatus>
<sch:SuitFiledStatus>*</sch:SuitFiledStatus>
<sch:AssetClassificationStatus>*</sch:AssetClassificationStatus>
</sch:Month>
<sch:Month key="07-19">
<sch:PaymentStatus>WOF</sch:PaymentStatus>
<sch:SuitFiledStatus>*</sch:SuitFiledStatus>
<sch:AssetClassificationStatus>*</sch:AssetClassificationStatus>
</sch:Month>
<sch:Month key="06-19">
<sch:PaymentStatus>WOF</sch:PaymentStatus>
<sch:SuitFiledStatus>*</sch:SuitFiledStatus>
<sch:AssetClassificationStatus>*</sch:AssetClassificationStatus>
</sch:Month>
<sch:Month key="05-19">
<sch:PaymentStatus>*</sch:PaymentStatus>
<sch:SuitFiledStatus>*</sch:SuitFiledStatus>
<sch:AssetClassificationStatus>*</sch:AssetClassificationStatus>
</sch:Month>
<sch:Month key="04-19">
<sch:PaymentStatus>120+</sch:PaymentStatus>
<sch:SuitFiledStatus>*</sch:SuitFiledStatus>
<sch:AssetClassificationStatus>*</sch:AssetClassificationStatus>
</sch:Month>
<sch:Month key="03-19">
<sch:PaymentStatus>120+</sch:PaymentStatus>
<sch:SuitFiledStatus>*</sch:SuitFiledStatus>
<sch:AssetClassificationStatus>*</sch:AssetClassificationStatus>
</sch:Month>
<sch:Month key="02-19">
<sch:PaymentStatus>*</sch:PaymentStatus>
<sch:SuitFiledStatus>*</sch:SuitFiledStatus>
<sch:AssetClassificationStatus>*</sch:AssetClassificationStatus>
</sch:Month>
<sch:Month key="01-19">
<sch:PaymentStatus>60+</sch:PaymentStatus>
<sch:SuitFiledStatus>*</sch:SuitFiledStatus>
<sch:AssetClassificationStatus>*</sch:AssetClassificationStatus>
</sch:Month>
<sch:Month key="12-18">
<sch:PaymentStatus>30+</sch:PaymentStatus>
<sch:SuitFiledStatus>*</sch:SuitFiledStatus>
<sch:AssetClassificationStatus>*</sch:AssetClassificationStatus>
</sch:Month>
<sch:Month key="11-18">
<sch:PaymentStatus>000</sch:PaymentStatus>
<sch:SuitFiledStatus>*</sch:SuitFiledStatus>
<sch:AssetClassificationStatus>*</sch:AssetClassificationStatus>
</sch:Month>
<sch:Month key="10-18">
<sch:PaymentStatus>000</sch:PaymentStatus>
<sch:SuitFiledStatus>*</sch:SuitFiledStatus>
<sch:AssetClassificationStatus>*</sch:AssetClassificationStatus>
</sch:Month>
<sch:Month key="09-18">
<sch:PaymentStatus>000</sch:PaymentStatus>
<sch:SuitFiledStatus>*</sch:SuitFiledStatus>
<sch:AssetClassificationStatus>*</sch:AssetClassificationStatus>
</sch:Month>
<sch:Month key="08-18">
<sch:PaymentStatus>000</sch:PaymentStatus>
<sch:SuitFiledStatus>*</sch:SuitFiledStatus>
<sch:AssetClassificationStatus>*</sch:AssetClassificationStatus>
</sch:Month>
<sch:Month key="07-18">
<sch:PaymentStatus>000</sch:PaymentStatus>
<sch:SuitFiledStatus>*</sch:SuitFiledStatus>
<sch:AssetClassificationStatus>*</sch:AssetClassificationStatus>
</sch:Month>
</sch:History48Months>
</sch:Account>
<sch:Account seq="3" ReportedDate="2020-02-29">
<sch:AccountNumber> 0005241810403941206</sch:AccountNumber>
<sch:Institution>HDFC Bank Limited</sch:Institution>
<sch:AccountType>Credit Card</sch:AccountType>
<sch:OwnershipType>Individual</sch:OwnershipType>
<sch:Balance>76959</sch:Balance>
<sch:PastDueAmount>30492</sch:PastDueAmount>
<sch:Open>Yes</sch:Open>
<sch:HighCredit>76959</sch:HighCredit>
<sch:LastPaymentDate>2018-08-22</sch:LastPaymentDate>
<sch:DateReported>2020-02-29</sch:DateReported>
<sch:DateOpened>2017-12-19</sch:DateOpened>
<sch:Reason/>
<sch:InterestRate/>
<sch:RepaymentTenure/>
<sch:DisputeCode/>
<sch:TermFrequency/>
<sch:CollateralValue/>
<sch:CollateralType/>
<sch:AccountStatus>Charge Off/Written Off</sch:AccountStatus>
<sch:AssetClassification/>
<sch:SuitFiledStatus/>
<sch:History48Months>
<sch:Month key="02-20">
<sch:PaymentStatus>WOF</sch:PaymentStatus>
<sch:SuitFiledStatus>*</sch:SuitFiledStatus>
<sch:AssetClassificationStatus>*</sch:AssetClassificationStatus>
</sch:Month>
<sch:Month key="01-20">
<sch:PaymentStatus>WOF</sch:PaymentStatus>
<sch:SuitFiledStatus>*</sch:SuitFiledStatus>
<sch:AssetClassificationStatus>*</sch:AssetClassificationStatus>
</sch:Month>
<sch:Month key="12-19">
<sch:PaymentStatus>WOF</sch:PaymentStatus>
<sch:SuitFiledStatus>*</sch:SuitFiledStatus>
<sch:AssetClassificationStatus>*</sch:AssetClassificationStatus>
</sch:Month>
<sch:Month key="11-19">
<sch:PaymentStatus>WOF</sch:PaymentStatus>
<sch:SuitFiledStatus>*</sch:SuitFiledStatus>
<sch:AssetClassificationStatus>*</sch:AssetClassificationStatus>
</sch:Month>
<sch:Month key="10-19">
<sch:PaymentStatus>WOF</sch:PaymentStatus>
<sch:SuitFiledStatus>*</sch:SuitFiledStatus>
<sch:AssetClassificationStatus>*</sch:AssetClassificationStatus>
</sch:Month>
<sch:Month key="09-19">
<sch:PaymentStatus>WOF</sch:PaymentStatus>
<sch:SuitFiledStatus>*</sch:SuitFiledStatus>
<sch:AssetClassificationStatus>*</sch:AssetClassificationStatus>
</sch:Month>
<sch:Month key="08-19">
<sch:PaymentStatus>WOF</sch:PaymentStatus>
<sch:SuitFiledStatus>*</sch:SuitFiledStatus>
<sch:AssetClassificationStatus>*</sch:AssetClassificationStatus>
</sch:Month>
<sch:Month key="07-19">
<sch:PaymentStatus>WOF</sch:PaymentStatus>
<sch:SuitFiledStatus>*</sch:SuitFiledStatus>
<sch:AssetClassificationStatus>*</sch:AssetClassificationStatus>
</sch:Month>
<sch:Month key="06-19">
<sch:PaymentStatus>WOF</sch:PaymentStatus>
<sch:SuitFiledStatus>*</sch:SuitFiledStatus>
<sch:AssetClassificationStatus>*</sch:AssetClassificationStatus>
</sch:Month>
<sch:Month key="05-19">
<sch:PaymentStatus>WOF</sch:PaymentStatus>
<sch:SuitFiledStatus>*</sch:SuitFiledStatus>
<sch:AssetClassificationStatus>*</sch:AssetClassificationStatus>
</sch:Month>
<sch:Month key="04-19">
<sch:PaymentStatus>WOF</sch:PaymentStatus>
<sch:SuitFiledStatus>*</sch:SuitFiledStatus>
<sch:AssetClassificationStatus>*</sch:AssetClassificationStatus>
</sch:Month>
<sch:Month key="03-19">
<sch:PaymentStatus>WOF</sch:PaymentStatus>
<sch:SuitFiledStatus>*</sch:SuitFiledStatus>
<sch:AssetClassificationStatus>*</sch:AssetClassificationStatus>
</sch:Month>
<sch:Month key="02-19">
<sch:PaymentStatus>120+</sch:PaymentStatus>
<sch:SuitFiledStatus>*</sch:SuitFiledStatus>
<sch:AssetClassificationStatus>*</sch:AssetClassificationStatus>
</sch:Month>
<sch:Month key="01-19">
<sch:PaymentStatus>120+</sch:PaymentStatus>
<sch:SuitFiledStatus>*</sch:SuitFiledStatus>
<sch:AssetClassificationStatus>*</sch:AssetClassificationStatus>
</sch:Month>
<sch:Month key="12-18">
<sch:PaymentStatus>90+</sch:PaymentStatus>
<sch:SuitFiledStatus>*</sch:SuitFiledStatus>
<sch:AssetClassificationStatus>*</sch:AssetClassificationStatus>
</sch:Month>
<sch:Month key="11-18">
<sch:PaymentStatus>60+</sch:PaymentStatus>
<sch:SuitFiledStatus>*</sch:SuitFiledStatus>
<sch:AssetClassificationStatus>*</sch:AssetClassificationStatus>
</sch:Month>
<sch:Month key="10-18">
<sch:PaymentStatus>30+</sch:PaymentStatus>
<sch:SuitFiledStatus>*</sch:SuitFiledStatus>
<sch:AssetClassificationStatus>*</sch:AssetClassificationStatus>
</sch:Month>
<sch:Month key="09-18">
<sch:PaymentStatus>01+</sch:PaymentStatus>
<sch:SuitFiledStatus>*</sch:SuitFiledStatus>
<sch:AssetClassificationStatus>*</sch:AssetClassificationStatus>
</sch:Month>
<sch:Month key="08-18">
<sch:PaymentStatus>000</sch:PaymentStatus>
<sch:SuitFiledStatus>*</sch:SuitFiledStatus>
<sch:AssetClassificationStatus>*</sch:AssetClassificationStatus>
</sch:Month>
<sch:Month key="07-18">
<sch:PaymentStatus>000</sch:PaymentStatus>
<sch:SuitFiledStatus>*</sch:SuitFiledStatus>
<sch:AssetClassificationStatus>*</sch:AssetClassificationStatus>
</sch:Month>
<sch:Month key="06-18">
<sch:PaymentStatus>000</sch:PaymentStatus>
<sch:SuitFiledStatus>*</sch:SuitFiledStatus>
<sch:AssetClassificationStatus>*</sch:AssetClassificationStatus>
</sch:Month>
<sch:Month key="05-18">
<sch:PaymentStatus>000</sch:PaymentStatus>
<sch:SuitFiledStatus>*</sch:SuitFiledStatus>
<sch:AssetClassificationStatus>*</sch:AssetClassificationStatus>
</sch:Month>
<sch:Month key="04-18">
<sch:PaymentStatus>000</sch:PaymentStatus>
<sch:SuitFiledStatus>*</sch:SuitFiledStatus>
<sch:AssetClassificationStatus>*</sch:AssetClassificationStatus>
</sch:Month>
<sch:Month key="03-18">
<sch:PaymentStatus>000</sch:PaymentStatus>
<sch:SuitFiledStatus>*</sch:SuitFiledStatus>
<sch:AssetClassificationStatus>*</sch:AssetClassificationStatus>
</sch:Month>
<sch:Month key="02-18">
<sch:PaymentStatus>000</sch:PaymentStatus>
<sch:SuitFiledStatus>*</sch:SuitFiledStatus>
<sch:AssetClassificationStatus>*</sch:AssetClassificationStatus>
</sch:Month>
<sch:Month key="01-18">
<sch:PaymentStatus>000</sch:PaymentStatus>
<sch:SuitFiledStatus>*</sch:SuitFiledStatus>
<sch:AssetClassificationStatus>*</sch:AssetClassificationStatus>
</sch:Month>
<sch:Month key="12-17">
<sch:PaymentStatus>NEW</sch:PaymentStatus>
<sch:SuitFiledStatus>*</sch:SuitFiledStatus>
<sch:AssetClassificationStatus>*</sch:AssetClassificationStatus>
</sch:Month>
</sch:History48Months>
</sch:Account>
</sch:AccountDetails>
<sch:Disclaimer>
			This report is to be used subject to and in compliance with the
			Membership agreement entered into between the Member/Specified User
			and Equifax Credit Information Services Private Limited ("ECIS"), in
			the case of Members/Specified Users of ECIS. In other cases, the use
			of this report is governed by the terms and conditions of ECIS,
			contained in the Application form submitted by the customer/user.

			The information contained in this report is derived from various
			Members/sources which are not controlled by ECIS. ECIS provides this
			report on a best effort basis and does not guarantee the timeliness,
			correctness or completeness of the information contained
			therein,except as explicitly stated in the Membership agreement/terms
			and conditions of ECIS, as the case may be.
		</sch:Disclaimer>
<sch:ScoreDetails>
<sch:ScoreDetail>
<sch:Name>M001</sch:Name>
<sch:Version>3.1</sch:Version>
<sch:Type>ERS</sch:Type>
<sch:Value>327</sch:Value>
<sch:ScoringElements>
<sch:ScoringElement type="RES" seq="1">
<sch:Code/>
<sch:Description>Derogatory trade occurences</sch:Description>
</sch:ScoringElement>
<sch:ScoringElement type="RES" seq="2">
<sch:Code>1c</sch:Code>
<sch:Description>Charged-off trades</sch:Description>
</sch:ScoringElement>
<sch:ScoringElement type="RES" seq="3">
<sch:Code>5a</sch:Code>
<sch:Description>Delinquency or past due amount occurences</sch:Description>
</sch:ScoringElement>
<sch:ScoringElement type="RES" seq="4">
<sch:Code>3c</sch:Code>
<sch:Description>Number of credit card trades</sch:Description>
</sch:ScoringElement>
<sch:ScoringElement type="RES" seq="5">
<sch:Code>9a</sch:Code>
<sch:Description>Number of or lack of credit cards</sch:Description>
</sch:ScoringElement>
</sch:ScoringElements>
</sch:ScoreDetail>
</sch:ScoreDetails>
</sch:ReportData>
</sch:InquiryResponse></soapenv:Body></soapenv:Envelope>