<?xml version="1.0" encoding="UTF-8"?><soapenv:Envelope xmlns:soapenv="http://schemas.xmlsoap.org/soap/envelope/"><soapenv:Body><sch:InquiryResponse xmlns:sch="http://services.equifax.com/eport/ws/schemas/1.0">
<sch:InquiryResponseHeader>
<sch:CustomerCode>BLSP</sch:CustomerCode>
<sch:ClientID>006FP07153</sch:ClientID>
<sch:CustRefField/>
<sch:ReportOrderNO>71629467</sch:ReportOrderNO>
<sch:SuccessCode>1</sch:SuccessCode>
<sch:Date>21-06-2020</sch:Date>
<sch:Time>13:21:45</sch:Time>
<sch:HitCode>11</sch:HitCode>
<sch:ProductCodes>
<sch:ProductCode>IDCR</sch:ProductCode>
</sch:ProductCodes>
</sch:InquiryResponseHeader>
<sch:InquiryRequestInfo>
<sch:InquiryPurpose>00</sch:InquiryPurpose>
<sch:FullName>VISHNU KUMAR</sch:FullName>
<sch:FirstName>VISHNU</sch:FirstName>
<sch:LastName>KUMAR</sch:LastName>
<sch:AddrLine1>NA</sch:AddrLine1>
<sch:State>HR</sch:State>
<sch:Postal>122004</sch:Postal>
<sch:InquiryAddresses>
<sch:InquiryAddress seq="1">
<sch:AddressLine>NA</sch:AddressLine>
<sch:State>HR</sch:State>
<sch:Postal>122004</sch:Postal>
</sch:InquiryAddress>
</sch:InquiryAddresses>
<sch:InquiryPhones>
<sch:InquiryPhone seq="1">
<sch:Number>7838539391</sch:Number>
<sch:PhoneType>M</sch:PhoneType>
</sch:InquiryPhone>
</sch:InquiryPhones>
<sch:DOB>1993-04-14</sch:DOB>
<sch:PANId>DDMPK7061R</sch:PANId>
<sch:MobilePhone>7838539391</sch:MobilePhone>
</sch:InquiryRequestInfo>
<sch:Scores>
<sch:Score seq="1">
<sch:Type>ERS</sch:Type>
<sch:Version>3.1</sch:Version>
</sch:Score>
</sch:Scores>
<sch:ReportData>
<sch:IDAndContactInfo>
<sch:PersonalInfo>
<sch:Name>
<sch:FullName>VISHNU KUMAR </sch:FullName>
</sch:Name>
<sch:DateOfBirth>1993-04-14</sch:DateOfBirth>
<sch:Gender>Male</sch:Gender>
<sch:Age>
<sch:Age>27</sch:Age>
</sch:Age>
<sch:Occupation/>
</sch:PersonalInfo>
<sch:IdentityInfo>
<sch:PANId seq="1" ReportedDate="2020-04-30">
<sch:IdNumber>DDMPK7061R</sch:IdNumber>
</sch:PANId>
</sch:IdentityInfo>
<sch:AddressInfo seq="1" ReportedDate="2020-04-30">
<sch:Address>VPO BAHIN TH HATHIN DISTT PALWAL PALWAL</sch:Address>
<sch:State>HR</sch:State>
<sch:Postal>121105</sch:Postal>
<sch:Type>Primary</sch:Type>
</sch:AddressInfo>
<sch:AddressInfo seq="2" ReportedDate="2020-01-31">
<sch:Address>C/O MAHESH H NO-114 GALI NO-4 VPO-KHERKI DAULA GURGAON GURUGRAM HARYANA GURGAON ARJUN NAGAR,ARJUN NAGAR,S O</sch:Address>
<sch:State>HR</sch:State>
<sch:Postal>122001</sch:Postal>
<sch:Type>Rents,Primary</sch:Type>
</sch:AddressInfo>
<sch:AddressInfo seq="3" ReportedDate="2019-06-30">
<sch:Address>H NO 113 GALI,NO 4 KHERKI DAULA GURGAON</sch:Address>
<sch:State>HR</sch:State>
<sch:Postal>122004</sch:Postal>
<sch:Type>Rents,Primary</sch:Type>
</sch:AddressInfo>
<sch:PhoneInfo typeCode="H" seq="1" ReportedDate="2020-01-31">
<sch:Number>7838539391</sch:Number>
</sch:PhoneInfo>
<sch:PhoneInfo typeCode="H" seq="2" ReportedDate="2020-01-31">
<sch:Number>7838570109</sch:Number>
</sch:PhoneInfo>
<sch:PhoneInfo typeCode="M" seq="3" ReportedDate="2020-04-30">
<sch:Number>7838539391</sch:Number>
</sch:PhoneInfo>
<sch:EmailAddressInfo seq="1" ReportedDate="2020-01-25">
<sch:EmailAddress>VKRAWATG1993@GMAIL.COM</sch:EmailAddress>
</sch:EmailAddressInfo>
</sch:IDAndContactInfo>
<sch:AccountSummary>
<sch:AccountsSummary>
<sch:NoOfAccounts>3</sch:NoOfAccounts>
<sch:NoOfActiveAccounts>2</sch:NoOfActiveAccounts>
<sch:NoOfWriteOffs>0</sch:NoOfWriteOffs>
<sch:TotalPastDue>0.00</sch:TotalPastDue>
<sch:MostSevereStatusWithIn24Months>01+</sch:MostSevereStatusWithIn24Months>
<sch:SingleHighestCredit>36629.00</sch:SingleHighestCredit>
<sch:SingleHighestSanctionAmount>67900.00</sch:SingleHighestSanctionAmount>
<sch:TotalHighCredit>36629.00</sch:TotalHighCredit>
<sch:AverageOpenBalance>50370.00</sch:AverageOpenBalance>
<sch:SingleHighestBalance>67900.00</sch:SingleHighestBalance>
<sch:NoOfPastDueAccounts>0</sch:NoOfPastDueAccounts>
<sch:NoOfZeroBalanceAccounts>0</sch:NoOfZeroBalanceAccounts>
<sch:RecentAccount>Two-wheeler Loan on 29-02-2020</sch:RecentAccount>
<sch:OldestAccount>Credit Card on 12-06-2019</sch:OldestAccount>
<sch:TotalBalanceAmount>100740.00</sch:TotalBalanceAmount>
<sch:TotalSanctionAmount>67900.00</sch:TotalSanctionAmount>
<sch:TotalCreditLimit>0.0</sch:TotalCreditLimit>
<sch:TotalMonthlyPaymentAmount>3611.00</sch:TotalMonthlyPaymentAmount>
</sch:AccountsSummary>
</sch:AccountSummary>
<sch:RecentActivities>
<sch:AccountsDeliquent>0</sch:AccountsDeliquent>
<sch:AccountsOpened>0</sch:AccountsOpened>
<sch:TotalInquiries>0</sch:TotalInquiries>
<sch:AccountsUpdated>2</sch:AccountsUpdated>
</sch:RecentActivities>
<sch:OtherKeyInd>
<sch:AgeOfOldestTrade>12</sch:AgeOfOldestTrade>
<sch:NumberOfOpenTrades>2</sch:NumberOfOpenTrades>
<sch:AllLinesEVERWritten>0.00</sch:AllLinesEVERWritten>
<sch:AllLinesEVERWrittenIn9Months>0</sch:AllLinesEVERWrittenIn9Months>
<sch:AllLinesEVERWrittenIn6Months>0</sch:AllLinesEVERWrittenIn6Months>
</sch:OtherKeyInd>
<sch:EnquirySummary>
<sch:Purpose>ALL</sch:Purpose>
<sch:Total>2</sch:Total>
<sch:Past30Days>0</sch:Past30Days>
<sch:Past12Months>1</sch:Past12Months>
<sch:Past24Months>2</sch:Past24Months>
<sch:Recent>11-01-2020</sch:Recent>
</sch:EnquirySummary>
<sch:Enquiries seq="1">
<sch:Institution>Akara Capital Advisors Private Limited</sch:Institution>
<sch:Date>2020-01-11</sch:Date>
<sch:Time>16:56</sch:Time>
<sch:RequestPurpose>02</sch:RequestPurpose>
</sch:Enquiries>
<sch:Enquiries seq="2">
<sch:Institution>HDFC Bank Limited</sch:Institution>
<sch:Date>2019-03-19</sch:Date>
<sch:Time>13:43</sch:Time>
<sch:RequestPurpose>10</sch:RequestPurpose>
<sch:Amount>1000</sch:Amount>
</sch:Enquiries>
<sch:AccountDetails>
<sch:Account seq="1" ReportedDate="2020-03-31">
<sch:AccountNumber> DL3049TW0019119</sch:AccountNumber>
<sch:Institution>TVS Credit Services Limited</sch:Institution>
<sch:AccountType>Two-wheeler Loan</sch:AccountType>
<sch:OwnershipType>Individual</sch:OwnershipType>
<sch:Balance>67900</sch:Balance>
<sch:PastDueAmount>0</sch:PastDueAmount>
<sch:Open>Yes</sch:Open>
<sch:SanctionAmount>67900</sch:SanctionAmount>
<sch:DateReported>2020-03-31</sch:DateReported>
<sch:DateOpened>2020-02-29</sch:DateOpened>
<sch:Reason/>
<sch:InterestRate>14</sch:InterestRate>
<sch:RepaymentTenure>24</sch:RepaymentTenure>
<sch:DisputeCode/>
<sch:InstallmentAmount>3611</sch:InstallmentAmount>
<sch:TermFrequency>Monthly</sch:TermFrequency>
<sch:CollateralValue/>
<sch:CollateralType/>
<sch:AccountStatus>Current Account</sch:AccountStatus>
<sch:AssetClassification/>
<sch:SuitFiledStatus/>
<sch:History48Months>
<sch:Month key="03-20">
<sch:PaymentStatus>000</sch:PaymentStatus>
<sch:SuitFiledStatus>*</sch:SuitFiledStatus>
<sch:AssetClassificationStatus>*</sch:AssetClassificationStatus>
</sch:Month>
<sch:Month key="02-20">
<sch:PaymentStatus>NEW</sch:PaymentStatus>
<sch:SuitFiledStatus>*</sch:SuitFiledStatus>
<sch:AssetClassificationStatus>*</sch:AssetClassificationStatus>
</sch:Month>
<sch:Month key="01-20">
<sch:PaymentStatus>000</sch:PaymentStatus>
<sch:SuitFiledStatus>*</sch:SuitFiledStatus>
<sch:AssetClassificationStatus>*</sch:AssetClassificationStatus>
</sch:Month>
</sch:History48Months>
</sch:Account>
<sch:Account seq="2" ReportedDate="2020-02-29">
<sch:AccountNumber> 0005241810502493216</sch:AccountNumber>
<sch:Institution>HDFC Bank Limited</sch:Institution>
<sch:AccountType>Credit Card</sch:AccountType>
<sch:OwnershipType>Individual</sch:OwnershipType>
<sch:Balance>32840</sch:Balance>
<sch:Open>Yes</sch:Open>
<sch:HighCredit>36629</sch:HighCredit>
<sch:LastPaymentDate>2020-02-24</sch:LastPaymentDate>
<sch:DateReported>2020-02-29</sch:DateReported>
<sch:DateOpened>2019-06-12</sch:DateOpened>
<sch:Reason/>
<sch:InterestRate/>
<sch:RepaymentTenure/>
<sch:DisputeCode/>
<sch:TermFrequency/>
<sch:CollateralValue/>
<sch:CollateralType/>
<sch:AccountStatus>Current Account</sch:AccountStatus>
<sch:AssetClassification/>
<sch:SuitFiledStatus/>
<sch:History48Months>
<sch:Month key="02-20">
<sch:PaymentStatus>000</sch:PaymentStatus>
<sch:SuitFiledStatus>*</sch:SuitFiledStatus>
<sch:AssetClassificationStatus>*</sch:AssetClassificationStatus>
</sch:Month>
<sch:Month key="01-20">
<sch:PaymentStatus>000</sch:PaymentStatus>
<sch:SuitFiledStatus>*</sch:SuitFiledStatus>
<sch:AssetClassificationStatus>*</sch:AssetClassificationStatus>
</sch:Month>
<sch:Month key="12-19">
<sch:PaymentStatus>01+</sch:PaymentStatus>
<sch:SuitFiledStatus>*</sch:SuitFiledStatus>
<sch:AssetClassificationStatus>*</sch:AssetClassificationStatus>
</sch:Month>
<sch:Month key="11-19">
<sch:PaymentStatus>000</sch:PaymentStatus>
<sch:SuitFiledStatus>*</sch:SuitFiledStatus>
<sch:AssetClassificationStatus>*</sch:AssetClassificationStatus>
</sch:Month>
<sch:Month key="10-19">
<sch:PaymentStatus>01+</sch:PaymentStatus>
<sch:SuitFiledStatus>*</sch:SuitFiledStatus>
<sch:AssetClassificationStatus>*</sch:AssetClassificationStatus>
</sch:Month>
<sch:Month key="09-19">
<sch:PaymentStatus>000</sch:PaymentStatus>
<sch:SuitFiledStatus>*</sch:SuitFiledStatus>
<sch:AssetClassificationStatus>*</sch:AssetClassificationStatus>
</sch:Month>
<sch:Month key="08-19">
<sch:PaymentStatus>000</sch:PaymentStatus>
<sch:SuitFiledStatus>*</sch:SuitFiledStatus>
<sch:AssetClassificationStatus>*</sch:AssetClassificationStatus>
</sch:Month>
<sch:Month key="07-19">
<sch:PaymentStatus>000</sch:PaymentStatus>
<sch:SuitFiledStatus>*</sch:SuitFiledStatus>
<sch:AssetClassificationStatus>*</sch:AssetClassificationStatus>
</sch:Month>
<sch:Month key="06-19">
<sch:PaymentStatus>NEW</sch:PaymentStatus>
<sch:SuitFiledStatus>*</sch:SuitFiledStatus>
<sch:AssetClassificationStatus>*</sch:AssetClassificationStatus>
</sch:Month>
</sch:History48Months>
</sch:Account>
<sch:Account seq="3" ReportedDate="2020-04-30">
<sch:AccountNumber> 1692093</sch:AccountNumber>
<sch:Institution>Akara Capital Advisors Private Limited</sch:Institution>
<sch:AccountType>Personal Loan</sch:AccountType>
<sch:OwnershipType>Individual</sch:OwnershipType>
<sch:Balance>0</sch:Balance>
<sch:PastDueAmount>0</sch:PastDueAmount>
<sch:Open>No</sch:Open>
<sch:SanctionAmount>1000</sch:SanctionAmount>
<sch:LastPaymentDate>2020-02-01</sch:LastPaymentDate>
<sch:DateReported>2020-04-30</sch:DateReported>
<sch:DateOpened>2020-01-14</sch:DateOpened>
<sch:DateClosed>2020-02-01</sch:DateClosed>
<sch:Reason>Closed Account</sch:Reason>
<sch:InterestRate/>
<sch:RepaymentTenure/>
<sch:DisputeCode/>
<sch:TermFrequency/>
<sch:CollateralValue/>
<sch:CollateralType/>
<sch:AccountStatus>Closed Account</sch:AccountStatus>
<sch:AssetClassification>Standard</sch:AssetClassification>
<sch:SuitFiledStatus/>
<sch:History48Months>
<sch:Month key="04-20">
<sch:PaymentStatus>CLSD</sch:PaymentStatus>
<sch:SuitFiledStatus>*</sch:SuitFiledStatus>
<sch:AssetClassificationStatus>STD</sch:AssetClassificationStatus>
</sch:Month>
<sch:Month key="03-20">
<sch:PaymentStatus>CLSD</sch:PaymentStatus>
<sch:SuitFiledStatus>*</sch:SuitFiledStatus>
<sch:AssetClassificationStatus>STD</sch:AssetClassificationStatus>
</sch:Month>
<sch:Month key="02-20">
<sch:PaymentStatus>CLSD</sch:PaymentStatus>
<sch:SuitFiledStatus>*</sch:SuitFiledStatus>
<sch:AssetClassificationStatus>STD</sch:AssetClassificationStatus>
</sch:Month>
<sch:Month key="01-20">
<sch:PaymentStatus>NEW</sch:PaymentStatus>
<sch:SuitFiledStatus>*</sch:SuitFiledStatus>
<sch:AssetClassificationStatus>STD</sch:AssetClassificationStatus>
</sch:Month>
</sch:History48Months>
</sch:Account>
</sch:AccountDetails>
<sch:Disclaimer>
			This report is to be used subject to and in compliance with the
			Membership agreement entered into between the Member/Specified User
			and Equifax Credit Information Services Private Limited ("ECIS"), in
			the case of Members/Specified Users of ECIS. In other cases, the use
			of this report is governed by the terms and conditions of ECIS,
			contained in the Application form submitted by the customer/user.

			The information contained in this report is derived from various
			Members/sources which are not controlled by ECIS. ECIS provides this
			report on a best effort basis and does not guarantee the timeliness,
			correctness or completeness of the information contained
			therein,except as explicitly stated in the Membership agreement/terms
			and conditions of ECIS, as the case may be.
		</sch:Disclaimer>
<sch:ScoreDetails>
<sch:ScoreDetail>
<sch:Name>M001</sch:Name>
<sch:Version>3.1</sch:Version>
<sch:Type>ERS</sch:Type>
<sch:Value>677</sch:Value>
<sch:ScoringElements>
<sch:ScoringElement type="RES" seq="1">
<sch:Code/>
<sch:Description>Number of product trades</sch:Description>
</sch:ScoringElement>
<sch:ScoringElement type="RES" seq="2">
<sch:Code>6c</sch:Code>
<sch:Description>Balance amount of credit card trades</sch:Description>
</sch:ScoringElement>
<sch:ScoringElement type="RES" seq="3">
<sch:Code>2b</sch:Code>
<sch:Description>Delinquency or past due amount occurences</sch:Description>
</sch:ScoringElement>
<sch:ScoringElement type="RES" seq="4">
<sch:Code>7b</sch:Code>
<sch:Description>Number of two-wheeler accounts</sch:Description>
</sch:ScoringElement>
<sch:ScoringElement type="RES" seq="5">
<sch:Code>5b</sch:Code>
<sch:Description>Balance amount of home loan trades</sch:Description>
</sch:ScoringElement>
</sch:ScoringElements>
</sch:ScoreDetail>
</sch:ScoreDetails>
</sch:ReportData>
</sch:InquiryResponse></soapenv:Body></soapenv:Envelope>