<?xml version="1.0" encoding="UTF-8"?><soapenv:Envelope xmlns:soapenv="http://schemas.xmlsoap.org/soap/envelope/"><soapenv:Body><sch:InquiryResponse xmlns:sch="http://services.equifax.com/eport/ws/schemas/1.0">
<sch:InquiryResponseHeader>
<sch:CustomerCode>BLSP</sch:CustomerCode>
<sch:ClientID>006FP07153</sch:ClientID>
<sch:CustRefField/>
<sch:ReportOrderNO>71628516</sch:ReportOrderNO>
<sch:SuccessCode>1</sch:SuccessCode>
<sch:Date>21-06-2020</sch:Date>
<sch:Time>12:56:34</sch:Time>
<sch:HitCode>10</sch:HitCode>
<sch:ProductCodes>
<sch:ProductCode>IDCR</sch:ProductCode>
</sch:ProductCodes>
</sch:InquiryResponseHeader>
<sch:InquiryRequestInfo>
<sch:InquiryPurpose>00</sch:InquiryPurpose>
<sch:FullName>NAVEEN N</sch:FullName>
<sch:FirstName>NAVEEN</sch:FirstName>
<sch:LastName>N</sch:LastName>
<sch:AddrLine1>Arjun Nagar</sch:AddrLine1>
<sch:State>HR</sch:State>
<sch:Postal>122001</sch:Postal>
<sch:InquiryAddresses>
<sch:InquiryAddress seq="1">
<sch:AddressLine>Arjun Nagar</sch:AddressLine>
<sch:State>HR</sch:State>
<sch:Postal>122001</sch:Postal>
</sch:InquiryAddress>
</sch:InquiryAddresses>
<sch:InquiryPhones>
<sch:InquiryPhone seq="1">
<sch:Number>8750900453</sch:Number>
<sch:PhoneType>M</sch:PhoneType>
</sch:InquiryPhone>
</sch:InquiryPhones>
<sch:DOB>1996-10-10</sch:DOB>
<sch:PANId>EMDPK4640B</sch:PANId>
<sch:MobilePhone>8750900453</sch:MobilePhone>
</sch:InquiryRequestInfo>
<sch:Scores>
<sch:Score seq="1">
<sch:Type>ERS</sch:Type>
<sch:Version>3.1</sch:Version>
</sch:Score>
</sch:Scores>
<sch:ReportData>
<sch:IDAndContactInfo>
<sch:PersonalInfo>
<sch:Name>
<sch:FullName>NAVEEN      </sch:FullName>
</sch:Name>
<sch:DateOfBirth>1996-10-09</sch:DateOfBirth>
<sch:Gender>Male</sch:Gender>
<sch:Age>
<sch:Age>23</sch:Age>
</sch:Age>
<sch:Occupation/>
</sch:PersonalInfo>
<sch:IdentityInfo>
<sch:PANId seq="1" ReportedDate="2020-03-31">
<sch:IdNumber>EMDPK4640B</sch:IdNumber>
</sch:PANId>
<sch:PassportID seq="1" ReportedDate="2018-11-30">
<sch:IdNumber>P8928281</sch:IdNumber>
</sch:PassportID>
<sch:NationalIDCard seq="1" ReportedDate="2018-11-30">
<sch:IdNumber>604615111875</sch:IdNumber>
</sch:NationalIDCard>
</sch:IdentityInfo>
<sch:AddressInfo seq="1" ReportedDate="2020-03-31">
<sch:Address>VIKAS NAGAR VIKAS NAGAR,BASAI ROAD,SECTOR 10 GURGAON CIVIL HOSPITAL,SECTOR 10 GURGAON HARYANA</sch:Address>
<sch:State>HR</sch:State>
<sch:Postal>122001</sch:Postal>
<sch:Type>Primary</sch:Type>
</sch:AddressInfo>
<sch:AddressInfo seq="2" ReportedDate="2018-11-30">
<sch:Address>SO RAMBALI SAHNI H,NO 119 STREET,NO 2,OPPOSITE PEPSI GODOWN BASAI ROAD,GURGAON</sch:Address>
<sch:State>HR</sch:State>
<sch:Postal>122001</sch:Postal>
<sch:Type>N/A</sch:Type>
</sch:AddressInfo>
<sch:PhoneInfo typeCode="H" seq="1" ReportedDate="2018-11-30">
<sch:Number>918750900453</sch:Number>
</sch:PhoneInfo>
<sch:PhoneInfo typeCode="M" seq="2" ReportedDate="2020-03-31">
<sch:Number>918750900453</sch:Number>
</sch:PhoneInfo>
<sch:EmailAddressInfo seq="1" ReportedDate="2020-01-31">
<sch:EmailAddress>NAVEENKUMAR011NK@GMAIL.COM</sch:EmailAddress>
</sch:EmailAddressInfo>
</sch:IDAndContactInfo>
<sch:AccountSummary>
<sch:AccountsSummary>
<sch:NoOfAccounts>2</sch:NoOfAccounts>
<sch:NoOfActiveAccounts>1</sch:NoOfActiveAccounts>
<sch:NoOfWriteOffs>0</sch:NoOfWriteOffs>
<sch:TotalPastDue>0.00</sch:TotalPastDue>
<sch:MostSevereStatusWithIn24Months>Dbt</sch:MostSevereStatusWithIn24Months>
<sch:SingleHighestCredit>0.00</sch:SingleHighestCredit>
<sch:SingleHighestSanctionAmount>0.00</sch:SingleHighestSanctionAmount>
<sch:TotalHighCredit>0.00</sch:TotalHighCredit>
<sch:AverageOpenBalance>0.00</sch:AverageOpenBalance>
<sch:SingleHighestBalance>0.00</sch:SingleHighestBalance>
<sch:NoOfPastDueAccounts>1</sch:NoOfPastDueAccounts>
<sch:NoOfZeroBalanceAccounts>1</sch:NoOfZeroBalanceAccounts>
<sch:RecentAccount>Consumer Loan on 08-07-2019</sch:RecentAccount>
<sch:OldestAccount>Overdraft on 31-10-2018</sch:OldestAccount>
<sch:TotalBalanceAmount>0.00</sch:TotalBalanceAmount>
<sch:TotalSanctionAmount>0.00</sch:TotalSanctionAmount>
<sch:TotalCreditLimit>0.0</sch:TotalCreditLimit>
<sch:TotalMonthlyPaymentAmount>0.00</sch:TotalMonthlyPaymentAmount>
</sch:AccountsSummary>
</sch:AccountSummary>
<sch:RecentActivities>
<sch:AccountsDeliquent>0</sch:AccountsDeliquent>
<sch:AccountsOpened>0</sch:AccountsOpened>
<sch:TotalInquiries>0</sch:TotalInquiries>
<sch:AccountsUpdated>1</sch:AccountsUpdated>
</sch:RecentActivities>
<sch:OtherKeyInd>
<sch:AgeOfOldestTrade>20</sch:AgeOfOldestTrade>
<sch:NumberOfOpenTrades>1</sch:NumberOfOpenTrades>
<sch:AllLinesEVERWritten>0.00</sch:AllLinesEVERWritten>
<sch:AllLinesEVERWrittenIn9Months>0</sch:AllLinesEVERWrittenIn9Months>
<sch:AllLinesEVERWrittenIn6Months>0</sch:AllLinesEVERWrittenIn6Months>
</sch:OtherKeyInd>
<sch:EnquirySummary>
<sch:Purpose>ALL</sch:Purpose>
<sch:Total>5</sch:Total>
<sch:Past30Days>0</sch:Past30Days>
<sch:Past12Months>4</sch:Past12Months>
<sch:Past24Months>5</sch:Past24Months>
<sch:Recent>24-02-2020</sch:Recent>
</sch:EnquirySummary>
<sch:Enquiries seq="1">
<sch:Institution>HDFC Bank Limited</sch:Institution>
<sch:Date>2020-02-24</sch:Date>
<sch:Time>20:28</sch:Time>
<sch:RequestPurpose>10</sch:RequestPurpose>
<sch:Amount>1000</sch:Amount>
</sch:Enquiries>
<sch:Enquiries seq="2">
<sch:Institution>HDFC Bank Limited</sch:Institution>
<sch:Date>2020-02-24</sch:Date>
<sch:Time>11:25</sch:Time>
<sch:RequestPurpose>10</sch:RequestPurpose>
<sch:Amount>1000</sch:Amount>
</sch:Enquiries>
<sch:Enquiries seq="3">
<sch:Institution>HDFC Bank Limited</sch:Institution>
<sch:Date>2020-02-24</sch:Date>
<sch:Time>11:00</sch:Time>
<sch:RequestPurpose>10</sch:RequestPurpose>
<sch:Amount>1000</sch:Amount>
</sch:Enquiries>
<sch:Enquiries seq="4">
<sch:Institution>Akara Capital Advisors Private Limited</sch:Institution>
<sch:Date>2020-02-01</sch:Date>
<sch:Time>14:24</sch:Time>
<sch:RequestPurpose>02</sch:RequestPurpose>
</sch:Enquiries>
<sch:Enquiries seq="5">
<sch:Institution>Ashish Securities Private Limited</sch:Institution>
<sch:Date>2019-02-11</sch:Date>
<sch:Time>16:50</sch:Time>
<sch:RequestPurpose>05</sch:RequestPurpose>
</sch:Enquiries>
<sch:AccountDetails>
<sch:Account seq="1" ReportedDate="2020-03-31">
<sch:AccountNumber> DMI0003162730</sch:AccountNumber>
<sch:Institution>DMI Finance Private Limited</sch:Institution>
<sch:AccountType>Consumer Loan</sch:AccountType>
<sch:OwnershipType>Individual</sch:OwnershipType>
<sch:Balance>0</sch:Balance>
<sch:PastDueAmount>0</sch:PastDueAmount>
<sch:Open>No</sch:Open>
<sch:SanctionAmount>11088</sch:SanctionAmount>
<sch:LastPaymentDate>2020-03-06</sch:LastPaymentDate>
<sch:DateReported>2020-03-31</sch:DateReported>
<sch:DateOpened>2019-07-08</sch:DateOpened>
<sch:DateClosed>2020-03-06</sch:DateClosed>
<sch:Reason>Closed Account</sch:Reason>
<sch:InterestRate/>
<sch:RepaymentTenure/>
<sch:DisputeCode/>
<sch:TermFrequency>Monthly</sch:TermFrequency>
<sch:CollateralValue/>
<sch:CollateralType/>
<sch:AccountStatus>Closed Account</sch:AccountStatus>
<sch:AssetClassification>Standard</sch:AssetClassification>
<sch:SuitFiledStatus/>
<sch:History48Months>
<sch:Month key="03-20">
<sch:PaymentStatus>CLSD</sch:PaymentStatus>
<sch:SuitFiledStatus>*</sch:SuitFiledStatus>
<sch:AssetClassificationStatus>STD</sch:AssetClassificationStatus>
</sch:Month>
<sch:Month key="02-20">
<sch:PaymentStatus>*</sch:PaymentStatus>
<sch:SuitFiledStatus>*</sch:SuitFiledStatus>
<sch:AssetClassificationStatus>*</sch:AssetClassificationStatus>
</sch:Month>
<sch:Month key="01-20">
<sch:PaymentStatus>000</sch:PaymentStatus>
<sch:SuitFiledStatus>*</sch:SuitFiledStatus>
<sch:AssetClassificationStatus>STD</sch:AssetClassificationStatus>
</sch:Month>
</sch:History48Months>
</sch:Account>
<sch:Account seq="2" ReportedDate="2020-02-29">
<sch:AccountNumber> 82102010055048-0</sch:AccountNumber>
<sch:Institution>Syndicate bank</sch:Institution>
<sch:AccountType>Overdraft</sch:AccountType>
<sch:OwnershipType>Individual</sch:OwnershipType>
<sch:Balance>0</sch:Balance>
<sch:Open>Yes</sch:Open>
<sch:SanctionAmount/>
<sch:DateReported>2020-02-29</sch:DateReported>
<sch:DateOpened>2018-10-31</sch:DateOpened>
<sch:Reason/>
<sch:InterestRate/>
<sch:RepaymentTenure/>
<sch:DisputeCode/>
<sch:TermFrequency/>
<sch:CollateralValue/>
<sch:CollateralType/>
<sch:AccountStatus>Doubtful</sch:AccountStatus>
<sch:AssetClassification>Doubtful</sch:AssetClassification>
<sch:SuitFiledStatus/>
<sch:History48Months>
<sch:Month key="02-20">
<sch:PaymentStatus>DBT</sch:PaymentStatus>
<sch:SuitFiledStatus>*</sch:SuitFiledStatus>
<sch:AssetClassificationStatus>DBT</sch:AssetClassificationStatus>
</sch:Month>
<sch:Month key="01-20">
<sch:PaymentStatus>DBT</sch:PaymentStatus>
<sch:SuitFiledStatus>*</sch:SuitFiledStatus>
<sch:AssetClassificationStatus>DBT</sch:AssetClassificationStatus>
</sch:Month>
<sch:Month key="12-19">
<sch:PaymentStatus>SUB</sch:PaymentStatus>
<sch:SuitFiledStatus>*</sch:SuitFiledStatus>
<sch:AssetClassificationStatus>SUB</sch:AssetClassificationStatus>
</sch:Month>
<sch:Month key="11-19">
<sch:PaymentStatus>SUB</sch:PaymentStatus>
<sch:SuitFiledStatus>*</sch:SuitFiledStatus>
<sch:AssetClassificationStatus>SUB</sch:AssetClassificationStatus>
</sch:Month>
<sch:Month key="10-19">
<sch:PaymentStatus>SUB</sch:PaymentStatus>
<sch:SuitFiledStatus>*</sch:SuitFiledStatus>
<sch:AssetClassificationStatus>SUB</sch:AssetClassificationStatus>
</sch:Month>
<sch:Month key="09-19">
<sch:PaymentStatus>SUB</sch:PaymentStatus>
<sch:SuitFiledStatus>*</sch:SuitFiledStatus>
<sch:AssetClassificationStatus>SUB</sch:AssetClassificationStatus>
</sch:Month>
<sch:Month key="08-19">
<sch:PaymentStatus>SUB</sch:PaymentStatus>
<sch:SuitFiledStatus>*</sch:SuitFiledStatus>
<sch:AssetClassificationStatus>SUB</sch:AssetClassificationStatus>
</sch:Month>
<sch:Month key="07-19">
<sch:PaymentStatus>SUB</sch:PaymentStatus>
<sch:SuitFiledStatus>*</sch:SuitFiledStatus>
<sch:AssetClassificationStatus>SUB</sch:AssetClassificationStatus>
</sch:Month>
<sch:Month key="06-19">
<sch:PaymentStatus>SUB</sch:PaymentStatus>
<sch:SuitFiledStatus>*</sch:SuitFiledStatus>
<sch:AssetClassificationStatus>SUB</sch:AssetClassificationStatus>
</sch:Month>
<sch:Month key="05-19">
<sch:PaymentStatus>SUB</sch:PaymentStatus>
<sch:SuitFiledStatus>*</sch:SuitFiledStatus>
<sch:AssetClassificationStatus>SUB</sch:AssetClassificationStatus>
</sch:Month>
<sch:Month key="04-19">
<sch:PaymentStatus>SUB</sch:PaymentStatus>
<sch:SuitFiledStatus>*</sch:SuitFiledStatus>
<sch:AssetClassificationStatus>SUB</sch:AssetClassificationStatus>
</sch:Month>
<sch:Month key="03-19">
<sch:PaymentStatus>SUB</sch:PaymentStatus>
<sch:SuitFiledStatus>*</sch:SuitFiledStatus>
<sch:AssetClassificationStatus>SUB</sch:AssetClassificationStatus>
</sch:Month>
<sch:Month key="02-19">
<sch:PaymentStatus>*</sch:PaymentStatus>
<sch:SuitFiledStatus>*</sch:SuitFiledStatus>
<sch:AssetClassificationStatus>*</sch:AssetClassificationStatus>
</sch:Month>
<sch:Month key="01-19">
<sch:PaymentStatus>*</sch:PaymentStatus>
<sch:SuitFiledStatus>*</sch:SuitFiledStatus>
<sch:AssetClassificationStatus>*</sch:AssetClassificationStatus>
</sch:Month>
<sch:Month key="12-18">
<sch:PaymentStatus>STD</sch:PaymentStatus>
<sch:SuitFiledStatus>*</sch:SuitFiledStatus>
<sch:AssetClassificationStatus>STD</sch:AssetClassificationStatus>
</sch:Month>
<sch:Month key="11-18">
<sch:PaymentStatus>STD</sch:PaymentStatus>
<sch:SuitFiledStatus>*</sch:SuitFiledStatus>
<sch:AssetClassificationStatus>STD</sch:AssetClassificationStatus>
</sch:Month>
<sch:Month key="10-18">
<sch:PaymentStatus>STD</sch:PaymentStatus>
<sch:SuitFiledStatus>*</sch:SuitFiledStatus>
<sch:AssetClassificationStatus>STD</sch:AssetClassificationStatus>
</sch:Month>
</sch:History48Months>
</sch:Account>
</sch:AccountDetails>
<sch:Disclaimer>
			This report is to be used subject to and in compliance with the
			Membership agreement entered into between the Member/Specified User
			and Equifax Credit Information Services Private Limited ("ECIS"), in
			the case of Members/Specified Users of ECIS. In other cases, the use
			of this report is governed by the terms and conditions of ECIS,
			contained in the Application form submitted by the customer/user.

			The information contained in this report is derived from various
			Members/sources which are not controlled by ECIS. ECIS provides this
			report on a best effort basis and does not guarantee the timeliness,
			correctness or completeness of the information contained
			therein,except as explicitly stated in the Membership agreement/terms
			and conditions of ECIS, as the case may be.
		</sch:Disclaimer>
<sch:ScoreDetails>
<sch:ScoreDetail>
<sch:Name>M001</sch:Name>
<sch:Version>3.1</sch:Version>
<sch:Type>ERS</sch:Type>
<sch:Value>431</sch:Value>
<sch:ScoringElements>
<sch:ScoringElement type="RES" seq="1">
<sch:Code/>
<sch:Description>Derogatory trade occurences</sch:Description>
</sch:ScoringElement>
<sch:ScoringElement type="RES" seq="2">
<sch:Code>5a</sch:Code>
<sch:Description>Delinquency or past due amount occurences</sch:Description>
</sch:ScoringElement>
<sch:ScoringElement type="RES" seq="3">
<sch:Code>1b</sch:Code>
<sch:Description>Charged-off trades</sch:Description>
</sch:ScoringElement>
<sch:ScoringElement type="RES" seq="4">
<sch:Code>9a</sch:Code>
<sch:Description>Number of or lack of credit cards</sch:Description>
</sch:ScoringElement>
<sch:ScoringElement type="RES" seq="5">
<sch:Code>8a</sch:Code>
<sch:Description>Sanctioned amount of all trades</sch:Description>
</sch:ScoringElement>
</sch:ScoringElements>
</sch:ScoreDetail>
</sch:ScoreDetails>
</sch:ReportData>
</sch:InquiryResponse></soapenv:Body></soapenv:Envelope>