<?xml version="1.0" encoding="UTF-8"?><soapenv:Envelope xmlns:soapenv="http://schemas.xmlsoap.org/soap/envelope/"><soapenv:Body><sch:InquiryResponse xmlns:sch="http://services.equifax.com/eport/ws/schemas/1.0">
<sch:InquiryResponseHeader>
<sch:CustomerCode>BLSP</sch:CustomerCode>
<sch:ClientID>006FP07153</sch:ClientID>
<sch:CustRefField/>
<sch:ReportOrderNO>71628353</sch:ReportOrderNO>
<sch:SuccessCode>1</sch:SuccessCode>
<sch:Date>21-06-2020</sch:Date>
<sch:Time>12:52:25</sch:Time>
<sch:HitCode>11</sch:HitCode>
<sch:ProductCodes>
<sch:ProductCode>IDCR</sch:ProductCode>
</sch:ProductCodes>
</sch:InquiryResponseHeader>
<sch:InquiryRequestInfo>
<sch:InquiryPurpose>00</sch:InquiryPurpose>
<sch:FullName>VISHAL KUMAR</sch:FullName>
<sch:FirstName>VISHAL</sch:FirstName>
<sch:LastName>KUMAR</sch:LastName>
<sch:AddrLine1>NA</sch:AddrLine1>
<sch:State>HR</sch:State>
<sch:Postal>122006</sch:Postal>
<sch:InquiryAddresses>
<sch:InquiryAddress seq="1">
<sch:AddressLine>NA</sch:AddressLine>
<sch:State>HR</sch:State>
<sch:Postal>122006</sch:Postal>
</sch:InquiryAddress>
</sch:InquiryAddresses>
<sch:InquiryPhones>
<sch:InquiryPhone seq="1">
<sch:Number>8810227298</sch:Number>
<sch:PhoneType>M</sch:PhoneType>
</sch:InquiryPhone>
</sch:InquiryPhones>
<sch:DOB>1994-11-20</sch:DOB>
<sch:PANId>FCJPK9488L</sch:PANId>
<sch:MobilePhone>8810227298</sch:MobilePhone>
</sch:InquiryRequestInfo>
<sch:Scores>
<sch:Score seq="1">
<sch:Type>ERS</sch:Type>
<sch:Version>3.1</sch:Version>
</sch:Score>
</sch:Scores>
<sch:ReportData>
<sch:IDAndContactInfo>
<sch:PersonalInfo>
<sch:Name>
<sch:FullName>VISHAL KUMAR </sch:FullName>
</sch:Name>
<sch:DateOfBirth>1994-11-20</sch:DateOfBirth>
<sch:Gender>Male</sch:Gender>
<sch:Age>
<sch:Age>25</sch:Age>
</sch:Age>
<sch:Occupation/>
</sch:PersonalInfo>
<sch:IdentityInfo>
<sch:PANId seq="1" ReportedDate="2019-07-31">
<sch:IdNumber>FCJPK9488L</sch:IdNumber>
</sch:PANId>
</sch:IdentityInfo>
<sch:AddressInfo seq="1" ReportedDate="2019-07-31">
<sch:Address>HERO HONDA CHOWK KHASRA NO1383/677/3/1,NEAR BY 37TH MILE STONE KHANDSA GURGAON</sch:Address>
<sch:State>HR</sch:State>
<sch:Postal>122001</sch:Postal>
<sch:Type>N/A</sch:Type>
</sch:AddressInfo>
<sch:AddressInfo seq="2" ReportedDate="2019-07-31">
<sch:Address>HNO-71 DHANWAPUR DHANWAPUR GURGAON</sch:Address>
<sch:State>HR</sch:State>
<sch:Postal>122006</sch:Postal>
<sch:Type>N/A</sch:Type>
</sch:AddressInfo>
<sch:PhoneInfo typeCode="M" seq="1" ReportedDate="2019-07-31">
<sch:Number>8810227298</sch:Number>
</sch:PhoneInfo>
<sch:PhoneInfo typeCode="M" seq="2" ReportedDate="2019-07-31">
<sch:Number>8527164600</sch:Number>
</sch:PhoneInfo>
</sch:IDAndContactInfo>
<sch:AccountSummary>
<sch:AccountsSummary>
<sch:NoOfAccounts>1</sch:NoOfAccounts>
<sch:NoOfActiveAccounts>1</sch:NoOfActiveAccounts>
<sch:NoOfWriteOffs>0</sch:NoOfWriteOffs>
<sch:TotalPastDue>0.00</sch:TotalPastDue>
<sch:MostSevereStatusWithIn24Months>01+</sch:MostSevereStatusWithIn24Months>
<sch:SingleHighestCredit>0.00</sch:SingleHighestCredit>
<sch:SingleHighestSanctionAmount>13990.00</sch:SingleHighestSanctionAmount>
<sch:TotalHighCredit>0.00</sch:TotalHighCredit>
<sch:AverageOpenBalance>0.00</sch:AverageOpenBalance>
<sch:SingleHighestBalance>0.00</sch:SingleHighestBalance>
<sch:NoOfPastDueAccounts>0</sch:NoOfPastDueAccounts>
<sch:NoOfZeroBalanceAccounts>1</sch:NoOfZeroBalanceAccounts>
<sch:RecentAccount>Consumer Loan on 19-07-2019</sch:RecentAccount>
<sch:OldestAccount>Consumer Loan on 19-07-2019</sch:OldestAccount>
<sch:TotalBalanceAmount>0.00</sch:TotalBalanceAmount>
<sch:TotalSanctionAmount>13990.00</sch:TotalSanctionAmount>
<sch:TotalCreditLimit>0.0</sch:TotalCreditLimit>
<sch:TotalMonthlyPaymentAmount>0.00</sch:TotalMonthlyPaymentAmount>
</sch:AccountsSummary>
</sch:AccountSummary>
<sch:RecentActivities>
<sch:AccountsDeliquent>0</sch:AccountsDeliquent>
<sch:AccountsOpened>0</sch:AccountsOpened>
<sch:TotalInquiries>0</sch:TotalInquiries>
<sch:AccountsUpdated>1</sch:AccountsUpdated>
</sch:RecentActivities>
<sch:OtherKeyInd>
<sch:AgeOfOldestTrade>11</sch:AgeOfOldestTrade>
<sch:NumberOfOpenTrades>1</sch:NumberOfOpenTrades>
<sch:AllLinesEVERWritten>0.00</sch:AllLinesEVERWritten>
<sch:AllLinesEVERWrittenIn9Months>0</sch:AllLinesEVERWrittenIn9Months>
<sch:AllLinesEVERWrittenIn6Months>0</sch:AllLinesEVERWrittenIn6Months>
</sch:OtherKeyInd>
<sch:EnquirySummary>
<sch:Purpose>ALL</sch:Purpose>
<sch:Total>2</sch:Total>
<sch:Past30Days>0</sch:Past30Days>
<sch:Past12Months>2</sch:Past12Months>
<sch:Past24Months>2</sch:Past24Months>
<sch:Recent>18-11-2019</sch:Recent>
</sch:EnquirySummary>
<sch:Enquiries seq="1">
<sch:Institution>Akara Capital Advisors Private Limited</sch:Institution>
<sch:Date>2019-11-18</sch:Date>
<sch:Time>16:15</sch:Time>
<sch:RequestPurpose>02</sch:RequestPurpose>
</sch:Enquiries>
<sch:Enquiries seq="2">
<sch:Institution>Home Credit India Finance Private Limited</sch:Institution>
<sch:Date>2019-07-18</sch:Date>
<sch:Time>13:21</sch:Time>
<sch:RequestPurpose>00</sch:RequestPurpose>
</sch:Enquiries>
<sch:AccountDetails>
<sch:Account seq="1" ReportedDate="2020-04-30">
<sch:AccountNumber> 580DPFEV870761</sch:AccountNumber>
<sch:Institution>Bajaj Finance Limited</sch:Institution>
<sch:AccountType>Consumer Loan</sch:AccountType>
<sch:OwnershipType>Individual</sch:OwnershipType>
<sch:Balance>0</sch:Balance>
<sch:PastDueAmount>0</sch:PastDueAmount>
<sch:Open>Yes</sch:Open>
<sch:SanctionAmount>13990</sch:SanctionAmount>
<sch:LastPaymentDate>2020-02-29</sch:LastPaymentDate>
<sch:DateReported>2020-04-30</sch:DateReported>
<sch:DateOpened>2019-07-19</sch:DateOpened>
<sch:Reason/>
<sch:InterestRate/>
<sch:RepaymentTenure/>
<sch:DisputeCode/>
<sch:TermFrequency/>
<sch:CollateralValue/>
<sch:CollateralType/>
<sch:AccountStatus>Current Account</sch:AccountStatus>
<sch:AssetClassification/>
<sch:SuitFiledStatus/>
<sch:History48Months>
<sch:Month key="04-20">
<sch:PaymentStatus>000</sch:PaymentStatus>
<sch:SuitFiledStatus>*</sch:SuitFiledStatus>
<sch:AssetClassificationStatus>*</sch:AssetClassificationStatus>
</sch:Month>
<sch:Month key="03-20">
<sch:PaymentStatus>000</sch:PaymentStatus>
<sch:SuitFiledStatus>*</sch:SuitFiledStatus>
<sch:AssetClassificationStatus>*</sch:AssetClassificationStatus>
</sch:Month>
<sch:Month key="02-20">
<sch:PaymentStatus>01+</sch:PaymentStatus>
<sch:SuitFiledStatus>*</sch:SuitFiledStatus>
<sch:AssetClassificationStatus>*</sch:AssetClassificationStatus>
</sch:Month>
<sch:Month key="01-20">
<sch:PaymentStatus>01+</sch:PaymentStatus>
<sch:SuitFiledStatus>*</sch:SuitFiledStatus>
<sch:AssetClassificationStatus>*</sch:AssetClassificationStatus>
</sch:Month>
<sch:Month key="12-19">
<sch:PaymentStatus>000</sch:PaymentStatus>
<sch:SuitFiledStatus>*</sch:SuitFiledStatus>
<sch:AssetClassificationStatus>*</sch:AssetClassificationStatus>
</sch:Month>
<sch:Month key="11-19">
<sch:PaymentStatus>000</sch:PaymentStatus>
<sch:SuitFiledStatus>*</sch:SuitFiledStatus>
<sch:AssetClassificationStatus>*</sch:AssetClassificationStatus>
</sch:Month>
<sch:Month key="10-19">
<sch:PaymentStatus>000</sch:PaymentStatus>
<sch:SuitFiledStatus>*</sch:SuitFiledStatus>
<sch:AssetClassificationStatus>*</sch:AssetClassificationStatus>
</sch:Month>
<sch:Month key="09-19">
<sch:PaymentStatus>000</sch:PaymentStatus>
<sch:SuitFiledStatus>*</sch:SuitFiledStatus>
<sch:AssetClassificationStatus>*</sch:AssetClassificationStatus>
</sch:Month>
<sch:Month key="08-19">
<sch:PaymentStatus>000</sch:PaymentStatus>
<sch:SuitFiledStatus>*</sch:SuitFiledStatus>
<sch:AssetClassificationStatus>*</sch:AssetClassificationStatus>
</sch:Month>
<sch:Month key="07-19">
<sch:PaymentStatus>NEW</sch:PaymentStatus>
<sch:SuitFiledStatus>*</sch:SuitFiledStatus>
<sch:AssetClassificationStatus>*</sch:AssetClassificationStatus>
</sch:Month>
</sch:History48Months>
</sch:Account>
</sch:AccountDetails>
<sch:Disclaimer>
			This report is to be used subject to and in compliance with the
			Membership agreement entered into between the Member/Specified User
			and Equifax Credit Information Services Private Limited ("ECIS"), in
			the case of Members/Specified Users of ECIS. In other cases, the use
			of this report is governed by the terms and conditions of ECIS,
			contained in the Application form submitted by the customer/user.

			The information contained in this report is derived from various
			Members/sources which are not controlled by ECIS. ECIS provides this
			report on a best effort basis and does not guarantee the timeliness,
			correctness or completeness of the information contained
			therein,except as explicitly stated in the Membership agreement/terms
			and conditions of ECIS, as the case may be.
		</sch:Disclaimer>
<sch:ScoreDetails>
<sch:ScoreDetail>
<sch:Name>M001</sch:Name>
<sch:Version>3.1</sch:Version>
<sch:Type>ERS</sch:Type>
<sch:Value>680</sch:Value>
<sch:ScoringElements>
<sch:ScoringElement type="RES" seq="1">
<sch:Code/>
<sch:Description>Number of product trades</sch:Description>
</sch:ScoringElement>
<sch:ScoringElement type="RES" seq="2">
<sch:Code/>
<sch:Description>Delinquency or past due amount occurences</sch:Description>
</sch:ScoringElement>
<sch:ScoringElement type="RES" seq="3">
<sch:Code/>
<sch:Description>Sanctioned amount of all trades</sch:Description>
</sch:ScoringElement>
<sch:ScoringElement type="RES" seq="4">
<sch:Code/>
<sch:Description>Insufficient information on or lack of home loan trades</sch:Description>
</sch:ScoringElement>
<sch:ScoringElement type="RES" seq="5">
<sch:Code/>
<sch:Description>Number of unsecured trades</sch:Description>
</sch:ScoringElement>
</sch:ScoringElements>
</sch:ScoreDetail>
</sch:ScoreDetails>
</sch:ReportData>
</sch:InquiryResponse></soapenv:Body></soapenv:Envelope>