<?xml version="1.0" encoding="UTF-8"?><soapenv:Envelope xmlns:soapenv="http://schemas.xmlsoap.org/soap/envelope/"><soapenv:Body><sch:InquiryResponse xmlns:sch="http://services.equifax.com/eport/ws/schemas/1.0">
<sch:InquiryResponseHeader>
<sch:CustomerCode>BLSP</sch:CustomerCode>
<sch:ClientID>006FP07153</sch:ClientID>
<sch:CustRefField/>
<sch:ReportOrderNO>71630211</sch:ReportOrderNO>
<sch:SuccessCode>1</sch:SuccessCode>
<sch:Date>21-06-2020</sch:Date>
<sch:Time>13:43:14</sch:Time>
<sch:HitCode>11</sch:HitCode>
<sch:ProductCodes>
<sch:ProductCode>IDCR</sch:ProductCode>
</sch:ProductCodes>
</sch:InquiryResponseHeader>
<sch:InquiryRequestInfo>
<sch:InquiryPurpose>00</sch:InquiryPurpose>
<sch:FullName>SANJEEV KUMAR SINHA</sch:FullName>
<sch:FirstName>SANJEEV KUMAR</sch:FirstName>
<sch:LastName>SINHA</sch:LastName>
<sch:AddrLine1>Arjun Nagar</sch:AddrLine1>
<sch:State>HR</sch:State>
<sch:Postal>122001</sch:Postal>
<sch:InquiryAddresses>
<sch:InquiryAddress seq="1">
<sch:AddressLine>Arjun Nagar</sch:AddressLine>
<sch:State>HR</sch:State>
<sch:Postal>122001</sch:Postal>
</sch:InquiryAddress>
</sch:InquiryAddresses>
<sch:InquiryPhones>
<sch:InquiryPhone seq="1">
<sch:Number>9599672061</sch:Number>
<sch:PhoneType>M</sch:PhoneType>
</sch:InquiryPhone>
</sch:InquiryPhones>
<sch:DOB>1997-01-01</sch:DOB>
<sch:PANId>GOJPS5432B</sch:PANId>
<sch:MobilePhone>9599672061</sch:MobilePhone>
</sch:InquiryRequestInfo>
<sch:Scores>
<sch:Score seq="1">
<sch:Type>ERS</sch:Type>
<sch:Version>3.1</sch:Version>
</sch:Score>
</sch:Scores>
<sch:ReportData>
<sch:IDAndContactInfo>
<sch:PersonalInfo>
<sch:Name>
<sch:FullName>SANJEEV KUMAR SINHA </sch:FullName>
</sch:Name>
<sch:DateOfBirth>1997-01-01</sch:DateOfBirth>
<sch:Gender>Male</sch:Gender>
<sch:Age>
<sch:Age>23</sch:Age>
</sch:Age>
<sch:TotalIncome>15000</sch:TotalIncome>
<sch:Occupation/>
</sch:PersonalInfo>
<sch:IdentityInfo>
<sch:PANId seq="1" ReportedDate="2020-05-12">
<sch:IdNumber>GOJPS5432B</sch:IdNumber>
</sch:PANId>
</sch:IdentityInfo>
<sch:AddressInfo seq="1" ReportedDate="2020-05-12">
<sch:Address>C/O - KARAMBIR YADAV R/O - HNO 1171 GALI,NO - 2 GANDHINAGAR SHAKTI PARK,DHRAM KANTA WALI GALI GURGAON</sch:Address>
<sch:State>HR</sch:State>
<sch:Postal>122001</sch:Postal>
<sch:Type>N/A</sch:Type>
</sch:AddressInfo>
<sch:AddressInfo seq="2" ReportedDate="2020-03-31">
<sch:Address>INSTAKART PVT KHEDKI DHOLA KHEDKI DHOLA GURGAON X,NEAR TOLL TAX GURGAON</sch:Address>
<sch:State>HR</sch:State>
<sch:Postal>122001</sch:Postal>
<sch:Type>Office</sch:Type>
</sch:AddressInfo>
<sch:AddressInfo seq="3" ReportedDate="2020-03-31">
<sch:Address>H NO 93 SAKTI PARK,GURGAON GALI,NO 2,NEAR BY BIKANER SWEETS GURGAON</sch:Address>
<sch:State>HR</sch:State>
<sch:Postal>122001</sch:Postal>
<sch:Type>Primary</sch:Type>
</sch:AddressInfo>
<sch:AddressInfo seq="4" ReportedDate="2020-02-29">
<sch:Address>BIG BASKET KHEDKI DHOLA KHEDKI DHOLA GURGAON,NEAR TOLL TAX GURGAON</sch:Address>
<sch:State>HR</sch:State>
<sch:Postal>122001</sch:Postal>
<sch:Type>Office</sch:Type>
</sch:AddressInfo>
<sch:AddressInfo seq="5" ReportedDate="2019-10-11">
<sch:Address>HOUSE NO 93 SHAKTI PARK,GURGAON GALI,NO 2,NEAR ROCK FORD SCHOOL,GURGAON</sch:Address>
<sch:State>HR</sch:State>
<sch:Postal>122001</sch:Postal>
<sch:Type>Primary</sch:Type>
</sch:AddressInfo>
<sch:PhoneInfo typeCode="M" seq="1" ReportedDate="2020-05-12">
<sch:Number>9599672061</sch:Number>
</sch:PhoneInfo>
<sch:PhoneInfo typeCode="M" seq="2" ReportedDate="2020-05-12">
<sch:Number>9334522154</sch:Number>
</sch:PhoneInfo>
<sch:EmailAddressInfo seq="1" ReportedDate="2020-02-03">
<sch:EmailAddress>SANJUSINHA464@GMAIL.COM</sch:EmailAddress>
</sch:EmailAddressInfo>
</sch:IDAndContactInfo>
<sch:AccountSummary>
<sch:AccountsSummary>
<sch:NoOfAccounts>7</sch:NoOfAccounts>
<sch:NoOfActiveAccounts>4</sch:NoOfActiveAccounts>
<sch:NoOfWriteOffs>0</sch:NoOfWriteOffs>
<sch:TotalPastDue>0.00</sch:TotalPastDue>
<sch:MostSevereStatusWithIn24Months>Non-Delnqt</sch:MostSevereStatusWithIn24Months>
<sch:SingleHighestCredit>47019.00</sch:SingleHighestCredit>
<sch:SingleHighestSanctionAmount>85000.00</sch:SingleHighestSanctionAmount>
<sch:TotalHighCredit>116182.00</sch:TotalHighCredit>
<sch:AverageOpenBalance>45518.75</sch:AverageOpenBalance>
<sch:SingleHighestBalance>89859.00</sch:SingleHighestBalance>
<sch:NoOfPastDueAccounts>0</sch:NoOfPastDueAccounts>
<sch:NoOfZeroBalanceAccounts>0</sch:NoOfZeroBalanceAccounts>
<sch:RecentAccount>Two-wheeler Loan on 23-01-2020</sch:RecentAccount>
<sch:OldestAccount>Consumer Loan on 10-10-2018</sch:OldestAccount>
<sch:TotalBalanceAmount>182075.00</sch:TotalBalanceAmount>
<sch:TotalSanctionAmount>85000.00</sch:TotalSanctionAmount>
<sch:TotalCreditLimit>68000.0</sch:TotalCreditLimit>
<sch:TotalMonthlyPaymentAmount>0.00</sch:TotalMonthlyPaymentAmount>
</sch:AccountsSummary>
</sch:AccountSummary>
<sch:RecentActivities>
<sch:AccountsDeliquent>0</sch:AccountsDeliquent>
<sch:AccountsOpened>0</sch:AccountsOpened>
<sch:TotalInquiries>1</sch:TotalInquiries>
<sch:AccountsUpdated>4</sch:AccountsUpdated>
</sch:RecentActivities>
<sch:OtherKeyInd>
<sch:AgeOfOldestTrade>20</sch:AgeOfOldestTrade>
<sch:NumberOfOpenTrades>4</sch:NumberOfOpenTrades>
<sch:AllLinesEVERWritten>0.00</sch:AllLinesEVERWritten>
<sch:AllLinesEVERWrittenIn9Months>0</sch:AllLinesEVERWrittenIn9Months>
<sch:AllLinesEVERWrittenIn6Months>0</sch:AllLinesEVERWrittenIn6Months>
</sch:OtherKeyInd>
<sch:EnquirySummary>
<sch:Purpose>ALL</sch:Purpose>
<sch:Total>9</sch:Total>
<sch:Past30Days>1</sch:Past30Days>
<sch:Past12Months>5</sch:Past12Months>
<sch:Past24Months>9</sch:Past24Months>
<sch:Recent>17-06-2020</sch:Recent>
</sch:EnquirySummary>
<sch:Enquiries seq="1">
<sch:Institution>Home Credit India Finance Private Limited</sch:Institution>
<sch:Date>2020-06-17</sch:Date>
<sch:Time>16:04</sch:Time>
<sch:RequestPurpose>00</sch:RequestPurpose>
</sch:Enquiries>
<sch:Enquiries seq="2">
<sch:Institution>Home Credit India Finance Private Limited</sch:Institution>
<sch:Date>2020-02-19</sch:Date>
<sch:Time>13:28</sch:Time>
<sch:RequestPurpose>00</sch:RequestPurpose>
</sch:Enquiries>
<sch:Enquiries seq="3">
<sch:Institution>HDFC Bank Limited</sch:Institution>
<sch:Date>2019-12-10</sch:Date>
<sch:Time>12:59</sch:Time>
<sch:RequestPurpose>10</sch:RequestPurpose>
<sch:Amount>1000</sch:Amount>
</sch:Enquiries>
<sch:Enquiries seq="4">
<sch:Institution>HDFC Bank Limited</sch:Institution>
<sch:Date>2019-12-09</sch:Date>
<sch:Time>19:16</sch:Time>
<sch:RequestPurpose>10</sch:RequestPurpose>
<sch:Amount>1000</sch:Amount>
</sch:Enquiries>
<sch:Enquiries seq="5">
<sch:Institution>Home Credit India Finance Private Limited</sch:Institution>
<sch:Date>2019-08-02</sch:Date>
<sch:Time>18:10</sch:Time>
<sch:RequestPurpose>00</sch:RequestPurpose>
</sch:Enquiries>
<sch:Enquiries seq="6">
<sch:Institution>Home Credit India Finance Private Limited</sch:Institution>
<sch:Date>2019-05-11</sch:Date>
<sch:Time>22:58</sch:Time>
<sch:RequestPurpose>00</sch:RequestPurpose>
</sch:Enquiries>
<sch:Enquiries seq="7">
<sch:Institution>Home Credit India Finance Private Limited</sch:Institution>
<sch:Date>2019-03-11</sch:Date>
<sch:Time>17:55</sch:Time>
<sch:RequestPurpose>00</sch:RequestPurpose>
</sch:Enquiries>
<sch:Enquiries seq="8">
<sch:Institution>ICICI Bank</sch:Institution>
<sch:Date>2019-03-10</sch:Date>
<sch:Time>13:53</sch:Time>
<sch:RequestPurpose>06</sch:RequestPurpose>
<sch:Amount>100000</sch:Amount>
</sch:Enquiries>
<sch:Enquiries seq="9">
<sch:Institution>Home Credit India Finance Private Limited</sch:Institution>
<sch:Date>2018-10-10</sch:Date>
<sch:Time>20:46</sch:Time>
<sch:RequestPurpose>00</sch:RequestPurpose>
</sch:Enquiries>
<sch:AccountDetails>
<sch:Account seq="1" ReportedDate="2020-06-17">
<sch:AccountNumber> 4624901101119268</sch:AccountNumber>
<sch:Institution>BOB Cards</sch:Institution>
<sch:AccountType>Credit Card</sch:AccountType>
<sch:OwnershipType>Individual</sch:OwnershipType>
<sch:Balance>24206</sch:Balance>
<sch:Open>Yes</sch:Open>
<sch:HighCredit>24992</sch:HighCredit>
<sch:LastPaymentDate>2020-05-30</sch:LastPaymentDate>
<sch:DateReported>2020-06-17</sch:DateReported>
<sch:DateOpened>2019-09-23</sch:DateOpened>
<sch:Reason/>
<sch:InterestRate/>
<sch:RepaymentTenure/>
<sch:DisputeCode/>
<sch:TermFrequency/>
<sch:CreditLimit>25000</sch:CreditLimit>
<sch:CollateralValue/>
<sch:CollateralType/>
<sch:AccountStatus>Current Account</sch:AccountStatus>
<sch:AssetClassification>Standard</sch:AssetClassification>
<sch:SuitFiledStatus/>
<sch:History48Months>
<sch:Month key="06-20">
<sch:PaymentStatus>000</sch:PaymentStatus>
<sch:SuitFiledStatus>*</sch:SuitFiledStatus>
<sch:AssetClassificationStatus>STD</sch:AssetClassificationStatus>
</sch:Month>
<sch:Month key="05-20">
<sch:PaymentStatus>000</sch:PaymentStatus>
<sch:SuitFiledStatus>*</sch:SuitFiledStatus>
<sch:AssetClassificationStatus>STD</sch:AssetClassificationStatus>
</sch:Month>
<sch:Month key="04-20">
<sch:PaymentStatus>*</sch:PaymentStatus>
<sch:SuitFiledStatus>*</sch:SuitFiledStatus>
<sch:AssetClassificationStatus>*</sch:AssetClassificationStatus>
</sch:Month>
<sch:Month key="03-20">
<sch:PaymentStatus>000</sch:PaymentStatus>
<sch:SuitFiledStatus>*</sch:SuitFiledStatus>
<sch:AssetClassificationStatus>STD</sch:AssetClassificationStatus>
</sch:Month>
<sch:Month key="02-20">
<sch:PaymentStatus>000</sch:PaymentStatus>
<sch:SuitFiledStatus>*</sch:SuitFiledStatus>
<sch:AssetClassificationStatus>STD</sch:AssetClassificationStatus>
</sch:Month>
<sch:Month key="01-20">
<sch:PaymentStatus>000</sch:PaymentStatus>
<sch:SuitFiledStatus>*</sch:SuitFiledStatus>
<sch:AssetClassificationStatus>STD</sch:AssetClassificationStatus>
</sch:Month>
<sch:Month key="12-19">
<sch:PaymentStatus>000</sch:PaymentStatus>
<sch:SuitFiledStatus>*</sch:SuitFiledStatus>
<sch:AssetClassificationStatus>STD</sch:AssetClassificationStatus>
</sch:Month>
<sch:Month key="11-19">
<sch:PaymentStatus>000</sch:PaymentStatus>
<sch:SuitFiledStatus>*</sch:SuitFiledStatus>
<sch:AssetClassificationStatus>STD</sch:AssetClassificationStatus>
</sch:Month>
</sch:History48Months>
</sch:Account>
<sch:Account seq="2" ReportedDate="2020-05-30">
<sch:AccountNumber> 0005172528055979497</sch:AccountNumber>
<sch:Institution>SBI Cards and Payment Services Ltd</sch:Institution>
<sch:AccountType>Credit Card</sch:AccountType>
<sch:OwnershipType>Individual</sch:OwnershipType>
<sch:Balance>20991</sch:Balance>
<sch:PastDueAmount>0</sch:PastDueAmount>
<sch:LastPayment>24276</sch:LastPayment>
<sch:Open>Yes</sch:Open>
<sch:HighCredit>44171</sch:HighCredit>
<sch:LastPaymentDate>2020-04-24</sch:LastPaymentDate>
<sch:DateReported>2020-05-30</sch:DateReported>
<sch:DateOpened>2020-01-09</sch:DateOpened>
<sch:Reason/>
<sch:InterestRate/>
<sch:RepaymentTenure/>
<sch:DisputeCode/>
<sch:TermFrequency>Monthly</sch:TermFrequency>
<sch:CreditLimit>43000</sch:CreditLimit>
<sch:CollateralValue/>
<sch:CollateralType/>
<sch:AccountStatus>Current Account</sch:AccountStatus>
<sch:AssetClassification/>
<sch:SuitFiledStatus/>
<sch:History48Months>
<sch:Month key="05-20">
<sch:PaymentStatus>000</sch:PaymentStatus>
<sch:SuitFiledStatus>*</sch:SuitFiledStatus>
<sch:AssetClassificationStatus>*</sch:AssetClassificationStatus>
</sch:Month>
<sch:Month key="04-20">
<sch:PaymentStatus>000</sch:PaymentStatus>
<sch:SuitFiledStatus>*</sch:SuitFiledStatus>
<sch:AssetClassificationStatus>*</sch:AssetClassificationStatus>
</sch:Month>
<sch:Month key="03-20">
<sch:PaymentStatus>000</sch:PaymentStatus>
<sch:SuitFiledStatus>*</sch:SuitFiledStatus>
<sch:AssetClassificationStatus>*</sch:AssetClassificationStatus>
</sch:Month>
</sch:History48Months>
</sch:Account>
<sch:Account seq="3" ReportedDate="2020-05-12">
<sch:AccountNumber> L2WGUR08176244</sch:AccountNumber>
<sch:Institution>Bajaj Finance Limited</sch:Institution>
<sch:AccountType>Two-wheeler Loan</sch:AccountType>
<sch:OwnershipType>Individual</sch:OwnershipType>
<sch:Balance>89859</sch:Balance>
<sch:PastDueAmount>0</sch:PastDueAmount>
<sch:Open>Yes</sch:Open>
<sch:SanctionAmount>85000</sch:SanctionAmount>
<sch:LastPaymentDate>2020-04-03</sch:LastPaymentDate>
<sch:DateReported>2020-05-12</sch:DateReported>
<sch:DateOpened>2020-01-23</sch:DateOpened>
<sch:Reason/>
<sch:InterestRate/>
<sch:RepaymentTenure/>
<sch:DisputeCode/>
<sch:TermFrequency/>
<sch:CollateralValue/>
<sch:CollateralType/>
<sch:AccountStatus>Current Account</sch:AccountStatus>
<sch:AssetClassification/>
<sch:SuitFiledStatus/>
<sch:History48Months>
<sch:Month key="05-20">
<sch:PaymentStatus>000</sch:PaymentStatus>
<sch:SuitFiledStatus>*</sch:SuitFiledStatus>
<sch:AssetClassificationStatus>*</sch:AssetClassificationStatus>
</sch:Month>
<sch:Month key="04-20">
<sch:PaymentStatus>000</sch:PaymentStatus>
<sch:SuitFiledStatus>*</sch:SuitFiledStatus>
<sch:AssetClassificationStatus>*</sch:AssetClassificationStatus>
</sch:Month>
<sch:Month key="03-20">
<sch:PaymentStatus>000</sch:PaymentStatus>
<sch:SuitFiledStatus>*</sch:SuitFiledStatus>
<sch:AssetClassificationStatus>*</sch:AssetClassificationStatus>
</sch:Month>
<sch:Month key="02-20">
<sch:PaymentStatus>NEW</sch:PaymentStatus>
<sch:SuitFiledStatus>*</sch:SuitFiledStatus>
<sch:AssetClassificationStatus>*</sch:AssetClassificationStatus>
</sch:Month>
</sch:History48Months>
</sch:Account>
<sch:Account seq="4" ReportedDate="2020-02-29">
<sch:AccountNumber> 0005181590300629086</sch:AccountNumber>
<sch:Institution>HDFC Bank Limited</sch:Institution>
<sch:AccountType>Credit Card</sch:AccountType>
<sch:OwnershipType>Individual</sch:OwnershipType>
<sch:Balance>47019</sch:Balance>
<sch:Open>Yes</sch:Open>
<sch:HighCredit>47019</sch:HighCredit>
<sch:LastPaymentDate>2020-01-26</sch:LastPaymentDate>
<sch:DateReported>2020-02-29</sch:DateReported>
<sch:DateOpened>2019-12-14</sch:DateOpened>
<sch:Reason/>
<sch:InterestRate/>
<sch:RepaymentTenure/>
<sch:DisputeCode/>
<sch:TermFrequency/>
<sch:CollateralValue/>
<sch:CollateralType/>
<sch:AccountStatus>Current Account</sch:AccountStatus>
<sch:AssetClassification/>
<sch:SuitFiledStatus/>
<sch:History48Months>
<sch:Month key="02-20">
<sch:PaymentStatus>000</sch:PaymentStatus>
<sch:SuitFiledStatus>*</sch:SuitFiledStatus>
<sch:AssetClassificationStatus>*</sch:AssetClassificationStatus>
</sch:Month>
<sch:Month key="01-20">
<sch:PaymentStatus>000</sch:PaymentStatus>
<sch:SuitFiledStatus>*</sch:SuitFiledStatus>
<sch:AssetClassificationStatus>*</sch:AssetClassificationStatus>
</sch:Month>
<sch:Month key="12-19">
<sch:PaymentStatus>NEW</sch:PaymentStatus>
<sch:SuitFiledStatus>*</sch:SuitFiledStatus>
<sch:AssetClassificationStatus>*</sch:AssetClassificationStatus>
</sch:Month>
</sch:History48Months>
</sch:Account>
<sch:Account seq="5" ReportedDate="2020-03-31">
<sch:AccountNumber> 3906150135</sch:AccountNumber>
<sch:Institution>Home Credit India Finance Private Limited</sch:Institution>
<sch:AccountType>Consumer Loan</sch:AccountType>
<sch:OwnershipType>Individual</sch:OwnershipType>
<sch:Balance>0</sch:Balance>
<sch:PastDueAmount>0</sch:PastDueAmount>
<sch:Open>No</sch:Open>
<sch:SanctionAmount>9589</sch:SanctionAmount>
<sch:LastPaymentDate>2020-02-25</sch:LastPaymentDate>
<sch:DateReported>2020-03-31</sch:DateReported>
<sch:DateOpened>2019-08-02</sch:DateOpened>
<sch:DateClosed>2020-03-03</sch:DateClosed>
<sch:Reason>Closed Account</sch:Reason>
<sch:InterestRate/>
<sch:RepaymentTenure/>
<sch:DisputeCode/>
<sch:TermFrequency>Monthly</sch:TermFrequency>
<sch:CollateralValue/>
<sch:CollateralType/>
<sch:AccountStatus>Closed Account</sch:AccountStatus>
<sch:AssetClassification/>
<sch:SuitFiledStatus/>
<sch:History48Months>
<sch:Month key="03-20">
<sch:PaymentStatus>CLSD</sch:PaymentStatus>
<sch:SuitFiledStatus>*</sch:SuitFiledStatus>
<sch:AssetClassificationStatus>*</sch:AssetClassificationStatus>
</sch:Month>
<sch:Month key="02-20">
<sch:PaymentStatus>000</sch:PaymentStatus>
<sch:SuitFiledStatus>*</sch:SuitFiledStatus>
<sch:AssetClassificationStatus>*</sch:AssetClassificationStatus>
</sch:Month>
<sch:Month key="01-20">
<sch:PaymentStatus>000</sch:PaymentStatus>
<sch:SuitFiledStatus>*</sch:SuitFiledStatus>
<sch:AssetClassificationStatus>*</sch:AssetClassificationStatus>
</sch:Month>
<sch:Month key="12-19">
<sch:PaymentStatus>000</sch:PaymentStatus>
<sch:SuitFiledStatus>*</sch:SuitFiledStatus>
<sch:AssetClassificationStatus>*</sch:AssetClassificationStatus>
</sch:Month>
<sch:Month key="11-19">
<sch:PaymentStatus>000</sch:PaymentStatus>
<sch:SuitFiledStatus>*</sch:SuitFiledStatus>
<sch:AssetClassificationStatus>*</sch:AssetClassificationStatus>
</sch:Month>
<sch:Month key="10-19">
<sch:PaymentStatus>000</sch:PaymentStatus>
<sch:SuitFiledStatus>*</sch:SuitFiledStatus>
<sch:AssetClassificationStatus>*</sch:AssetClassificationStatus>
</sch:Month>
<sch:Month key="09-19">
<sch:PaymentStatus>000</sch:PaymentStatus>
<sch:SuitFiledStatus>*</sch:SuitFiledStatus>
<sch:AssetClassificationStatus>*</sch:AssetClassificationStatus>
</sch:Month>
<sch:Month key="08-19">
<sch:PaymentStatus>NEW</sch:PaymentStatus>
<sch:SuitFiledStatus>*</sch:SuitFiledStatus>
<sch:AssetClassificationStatus>*</sch:AssetClassificationStatus>
</sch:Month>
</sch:History48Months>
</sch:Account>
<sch:Account seq="6" ReportedDate="2019-10-31">
<sch:AccountNumber> 3901801929</sch:AccountNumber>
<sch:Institution>Home Credit India Finance Private Limited</sch:Institution>
<sch:AccountType>Consumer Loan</sch:AccountType>
<sch:OwnershipType>Individual</sch:OwnershipType>
<sch:Balance>0</sch:Balance>
<sch:PastDueAmount>0</sch:PastDueAmount>
<sch:Open>No</sch:Open>
<sch:SanctionAmount>10192</sch:SanctionAmount>
<sch:LastPaymentDate>2019-10-08</sch:LastPaymentDate>
<sch:DateReported>2019-10-31</sch:DateReported>
<sch:DateOpened>2019-03-11</sch:DateOpened>
<sch:DateClosed>2019-10-12</sch:DateClosed>
<sch:Reason>Closed Account</sch:Reason>
<sch:InterestRate/>
<sch:RepaymentTenure/>
<sch:DisputeCode/>
<sch:TermFrequency>Monthly</sch:TermFrequency>
<sch:CollateralValue/>
<sch:CollateralType/>
<sch:AccountStatus>Closed Account</sch:AccountStatus>
<sch:AssetClassification/>
<sch:SuitFiledStatus/>
<sch:History48Months>
<sch:Month key="10-19">
<sch:PaymentStatus>CLSD</sch:PaymentStatus>
<sch:SuitFiledStatus>*</sch:SuitFiledStatus>
<sch:AssetClassificationStatus>*</sch:AssetClassificationStatus>
</sch:Month>
<sch:Month key="09-19">
<sch:PaymentStatus>000</sch:PaymentStatus>
<sch:SuitFiledStatus>*</sch:SuitFiledStatus>
<sch:AssetClassificationStatus>*</sch:AssetClassificationStatus>
</sch:Month>
<sch:Month key="08-19">
<sch:PaymentStatus>000</sch:PaymentStatus>
<sch:SuitFiledStatus>*</sch:SuitFiledStatus>
<sch:AssetClassificationStatus>*</sch:AssetClassificationStatus>
</sch:Month>
<sch:Month key="07-19">
<sch:PaymentStatus>000</sch:PaymentStatus>
<sch:SuitFiledStatus>*</sch:SuitFiledStatus>
<sch:AssetClassificationStatus>*</sch:AssetClassificationStatus>
</sch:Month>
<sch:Month key="06-19">
<sch:PaymentStatus>000</sch:PaymentStatus>
<sch:SuitFiledStatus>*</sch:SuitFiledStatus>
<sch:AssetClassificationStatus>*</sch:AssetClassificationStatus>
</sch:Month>
<sch:Month key="05-19">
<sch:PaymentStatus>000</sch:PaymentStatus>
<sch:SuitFiledStatus>*</sch:SuitFiledStatus>
<sch:AssetClassificationStatus>*</sch:AssetClassificationStatus>
</sch:Month>
<sch:Month key="04-19">
<sch:PaymentStatus>000</sch:PaymentStatus>
<sch:SuitFiledStatus>*</sch:SuitFiledStatus>
<sch:AssetClassificationStatus>*</sch:AssetClassificationStatus>
</sch:Month>
<sch:Month key="03-19">
<sch:PaymentStatus>NEW</sch:PaymentStatus>
<sch:SuitFiledStatus>*</sch:SuitFiledStatus>
<sch:AssetClassificationStatus>*</sch:AssetClassificationStatus>
</sch:Month>
<sch:Month key="02-19">
<sch:PaymentStatus>000</sch:PaymentStatus>
<sch:SuitFiledStatus>*</sch:SuitFiledStatus>
<sch:AssetClassificationStatus>*</sch:AssetClassificationStatus>
</sch:Month>
</sch:History48Months>
</sch:Account>
<sch:Account seq="7" ReportedDate="2019-05-22">
<sch:AccountNumber> 3807173265</sch:AccountNumber>
<sch:Institution>Home Credit India Finance Private Limited</sch:Institution>
<sch:AccountType>Consumer Loan</sch:AccountType>
<sch:OwnershipType>Individual</sch:OwnershipType>
<sch:Balance>0</sch:Balance>
<sch:PastDueAmount>0</sch:PastDueAmount>
<sch:Open>No</sch:Open>
<sch:SanctionAmount>8971</sch:SanctionAmount>
<sch:LastPaymentDate>2019-04-10</sch:LastPaymentDate>
<sch:DateReported>2019-05-22</sch:DateReported>
<sch:DateOpened>2018-10-10</sch:DateOpened>
<sch:DateClosed>2019-04-11</sch:DateClosed>
<sch:Reason>Closed Account</sch:Reason>
<sch:InterestRate/>
<sch:RepaymentTenure/>
<sch:DisputeCode/>
<sch:TermFrequency>Monthly</sch:TermFrequency>
<sch:CollateralValue/>
<sch:CollateralType/>
<sch:AccountStatus>Closed Account</sch:AccountStatus>
<sch:AssetClassification/>
<sch:SuitFiledStatus/>
<sch:History48Months>
<sch:Month key="05-19">
<sch:PaymentStatus>CLSD</sch:PaymentStatus>
<sch:SuitFiledStatus>*</sch:SuitFiledStatus>
<sch:AssetClassificationStatus>*</sch:AssetClassificationStatus>
</sch:Month>
<sch:Month key="04-19">
<sch:PaymentStatus>CLSD</sch:PaymentStatus>
<sch:SuitFiledStatus>*</sch:SuitFiledStatus>
<sch:AssetClassificationStatus>*</sch:AssetClassificationStatus>
</sch:Month>
<sch:Month key="03-19">
<sch:PaymentStatus>000</sch:PaymentStatus>
<sch:SuitFiledStatus>*</sch:SuitFiledStatus>
<sch:AssetClassificationStatus>*</sch:AssetClassificationStatus>
</sch:Month>
<sch:Month key="02-19">
<sch:PaymentStatus>000</sch:PaymentStatus>
<sch:SuitFiledStatus>*</sch:SuitFiledStatus>
<sch:AssetClassificationStatus>*</sch:AssetClassificationStatus>
</sch:Month>
<sch:Month key="01-19">
<sch:PaymentStatus>000</sch:PaymentStatus>
<sch:SuitFiledStatus>*</sch:SuitFiledStatus>
<sch:AssetClassificationStatus>*</sch:AssetClassificationStatus>
</sch:Month>
<sch:Month key="12-18">
<sch:PaymentStatus>000</sch:PaymentStatus>
<sch:SuitFiledStatus>*</sch:SuitFiledStatus>
<sch:AssetClassificationStatus>*</sch:AssetClassificationStatus>
</sch:Month>
<sch:Month key="11-18">
<sch:PaymentStatus>000</sch:PaymentStatus>
<sch:SuitFiledStatus>*</sch:SuitFiledStatus>
<sch:AssetClassificationStatus>*</sch:AssetClassificationStatus>
</sch:Month>
<sch:Month key="10-18">
<sch:PaymentStatus>NEW</sch:PaymentStatus>
<sch:SuitFiledStatus>*</sch:SuitFiledStatus>
<sch:AssetClassificationStatus>*</sch:AssetClassificationStatus>
</sch:Month>
</sch:History48Months>
</sch:Account>
</sch:AccountDetails>
<sch:Disclaimer>
			This report is to be used subject to and in compliance with the
			Membership agreement entered into between the Member/Specified User
			and Equifax Credit Information Services Private Limited ("ECIS"), in
			the case of Members/Specified Users of ECIS. In other cases, the use
			of this report is governed by the terms and conditions of ECIS,
			contained in the Application form submitted by the customer/user.

			The information contained in this report is derived from various
			Members/sources which are not controlled by ECIS. ECIS provides this
			report on a best effort basis and does not guarantee the timeliness,
			correctness or completeness of the information contained
			therein,except as explicitly stated in the Membership agreement/terms
			and conditions of ECIS, as the case may be.
		</sch:Disclaimer>
<sch:ScoreDetails>
<sch:ScoreDetail>
<sch:Name>M001</sch:Name>
<sch:Version>3.1</sch:Version>
<sch:Type>ERS</sch:Type>
<sch:Value>728</sch:Value>
<sch:ScoringElements>
<sch:ScoringElement type="RES" seq="1">
<sch:Code/>
<sch:Description>Number of product trades</sch:Description>
</sch:ScoringElement>
<sch:ScoringElement type="RES" seq="2">
<sch:Code>7b</sch:Code>
<sch:Description>Number of two-wheeler accounts</sch:Description>
</sch:ScoringElement>
<sch:ScoringElement type="RES" seq="3">
<sch:Code>6b</sch:Code>
<sch:Description>Balance amount of credit card trades</sch:Description>
</sch:ScoringElement>
<sch:ScoringElement type="RES" seq="4">
<sch:Code>5b</sch:Code>
<sch:Description>Balance amount of home loan trades</sch:Description>
</sch:ScoringElement>
<sch:ScoringElement type="RES" seq="5">
<sch:Code>8a</sch:Code>
<sch:Description>Sanctioned amount of or lack of credit card trades</sch:Description>
</sch:ScoringElement>
</sch:ScoringElements>
</sch:ScoreDetail>
</sch:ScoreDetails>
</sch:ReportData>
</sch:InquiryResponse></soapenv:Body></soapenv:Envelope>