<?xml version="1.0" encoding="UTF-8"?><soapenv:Envelope xmlns:soapenv="http://schemas.xmlsoap.org/soap/envelope/"><soapenv:Body><sch:InquiryResponse xmlns:sch="http://services.equifax.com/eport/ws/schemas/1.0">
<sch:InquiryResponseHeader>
<sch:CustomerCode/>
<sch:ClientID>006FP07153</sch:ClientID>
<sch:CustRefField/>
<sch:ReportOrderNO/>
<sch:SuccessCode>0</sch:SuccessCode>
<sch:Date>21-06-2020</sch:Date>
<sch:Time>12:40:18</sch:Time>
<sch:ProductCodes>
<sch:ProductCode>IDCR</sch:ProductCode>
</sch:ProductCodes>
</sch:InquiryResponseHeader>
<sch:InquiryRequestInfo>
<sch:InquiryPurpose>00</sch:InquiryPurpose>
<sch:FullName>aman kumar shrivastav</sch:FullName>
<sch:FirstName>aman kumar</sch:FirstName>
<sch:LastName>shrivastav</sch:LastName>
<sch:AddrLine1>NA</sch:AddrLine1>
<sch:State>HR</sch:State>
<sch:Postal>122017</sch:Postal>
<sch:InquiryAddresses>
<sch:InquiryAddress seq="1">
<sch:AddressLine>NA</sch:AddressLine>
<sch:State>HR</sch:State>
<sch:Postal>122017</sch:Postal>
</sch:InquiryAddress>
</sch:InquiryAddresses>
<sch:InquiryPhones>
<sch:InquiryPhone seq="1">
<sch:Number>8287800076</sch:Number>
<sch:PhoneType>M</sch:PhoneType>
</sch:InquiryPhone>
</sch:InquiryPhones>
<sch:DOB>1996-08-22</sch:DOB>
<sch:PANId>HGDPS5574K</sch:PANId>
<sch:MobilePhone>8287800076</sch:MobilePhone>
</sch:InquiryRequestInfo>
<sch:Scores>
<sch:Score seq="1">
<sch:Type>ERS</sch:Type>
<sch:Version>3.1</sch:Version>
</sch:Score>
</sch:Scores>
<sch:ReportData>
<sch:Error>
<sch:ErrorCode>E0421</sch:ErrorCode>
<sch:ErrorMsg>Unexpected error occurred</sch:ErrorMsg>
</sch:Error>
</sch:ReportData>
</sch:InquiryResponse></soapenv:Body></soapenv:Envelope>